channel,url,title,post_date,comment
naver_news,https://n.news.naver.com/mnews/article/003/0013136848?sid=101,,2025.03.25. 12:55,개소리 말고 요기요나 다시 팔아버려라
naver_news,https://n.news.naver.com/mnews/article/092/0002365092?sid=105,,2025.03.01. 13:32,개인정보 유출시키는 사람들을 법정 최고형 으로 다스려야 합니다.
naver_news,https://n.news.naver.com/mnews/article/092/0002365092?sid=105,,2025.03.01. 18:06,지들이 털려놓고 고객탓하긴
naver_news,https://n.news.naver.com/mnews/article/092/0002365092?sid=105,,2025.03.01. 20:55,적게는 5개 많게는 수십개의 사이트 아이디랑 비번을 주기적으로 언제 다 바꾸냐... 취급하는 놈들이 안털리게 방어해야지. 가입할땐 어서옵쇼. 털리면 아몰랑?
naver_news,https://n.news.naver.com/mnews/article/092/0002365092?sid=105,,2025.03.01. 19:51,해킹 당한 업체들은 과징금 크게 먹여라! 뭔 나라가 해킹에 이리 취약하냐?
naver_news,https://n.news.naver.com/mnews/article/092/0002365092?sid=105,,2025.03.01. 20:00,국가에서 해킹되도 봐주니깐 기업에서 보안에 투자를 안함
naver_news,https://n.news.naver.com/mnews/article/092/0002365092?sid=105,,2025.03.02. 08:26,"사이트 동의 하나하나 받아놓구선, 개인정보는 각자 알아서 지키라고 하는 어처구니 없는 현실."
naver_news,https://n.news.naver.com/mnews/article/092/0002365092?sid=105,,2025.03.02. 08:28,"이용자 잘못이 아니라, 관리자 잘못 아닌가요? 솔직히 한사람의 이용자 ID 해킹해 보았자, 그 한 사람 개인정보 털리는 거잖아요. ㅎ"
naver_news,https://n.news.naver.com/mnews/article/092/0002365092?sid=105,,2025.03.02. 10:41,"gs에서 내 개인정보 털렸는지 아무 연락도 안왔음. 니들같은 무책임한 기업 땜에 각종 스팸에 시달리고 보이스피싱 사기에 노출되는거다. 개인정보 관리 주체는 니들이고 니들이 조심해야지 왜 고객들보고 조심하라고 전가하냐? GS는 참 여러 분야에서 가지가지 하는구나. 순살 자이, 광명 조합아파트 입주 3달 앞두고 깡패짓하고ㅉㅉ GS는 진짜 악덕기업인듯"
naver_news,https://n.news.naver.com/mnews/article/092/0002365092?sid=105,,2025.03.02. 17:12,과징금 좀 쎄게 때려라. 미안하다 하면 그냥 없던 일인가? 고객정보관리를 어떻게 하는건지..
naver_news,https://n.news.naver.com/mnews/article/092/0002365092?sid=105,,2025.03.02. 12:55,1인당 5천만원씩 물어주면 뭐든게 해결된다.
naver_news,https://n.news.naver.com/mnews/article/092/0002365092?sid=105,,2025.03.02. 14:10,작성자에 의해 삭제된 댓글입니다.
naver_news,https://n.news.naver.com/mnews/article/092/0002365092?sid=105,,2025.03.02. 11:33,헐
naver_news,https://n.news.naver.com/mnews/article/092/0002365092?sid=105,,2025.03.02. 11:31,작성자에 의해 삭제된 댓글입니다.
naver_news,https://n.news.naver.com/mnews/article/092/0002365092?sid=105,,2025.03.02. 10:06,"책임안질거면 과도 요구하지말길. 미국은 가입시 이메일이면 끝이고 , 배송기업은 배송시에만 이름주소전번 입력함. 최초 가입때 기념일이며 주소며 주렁주렁 요구하지마라 ."
naver_news,https://n.news.naver.com/mnews/article/092/0002365092?sid=105,,2025.03.02. 08:42,배송중인 택배확인하라면서 메일이 자주오더라마는. 국제메일인거같은... 이때문인가
naver_news,https://n.news.naver.com/mnews/article/092/0002365092?sid=105,,2025.03.02. 07:47,피해는 국민이 당했는데 과징금 걷어서 국가가 홀랑 먹는건 무슨 경우임???
naver_news,https://n.news.naver.com/mnews/article/092/0002365092?sid=105,,2025.03.02. 05:06,사이트를 믿고 아이디 패스워드 등록해서 사용하는건데 보안을 강화할 생각을 해야지 주기적으로 패스워드를 바꾸라니;;; 언제적 보안가이드를 아직까지 써먹나? 나중에 지문털리면 지문도 바꾸라고 할판이네;;;
naver_news,https://n.news.naver.com/mnews/article/092/0002365092?sid=105,,2025.03.02. 04:06,내 정보도 털렸다고 문자 받음 ㅜ.ㅜ
naver_news,https://n.news.naver.com/mnews/article/092/0002365092?sid=105,,2025.03.01. 20:03,해킹인 척 할 수도 있을 걸? 그리고 방지? 그런 방법은 없다 이중 삼중 백중 막는다고 막히겠니?
naver_news,https://n.news.naver.com/mnews/article/092/0002365092?sid=105,,2025.05.05. 05:20,작성자에 의해 삭제된 댓글입니다.
naver_news,https://n.news.naver.com/mnews/article/092/0002365092?sid=105,,2025.03.01. 18:06,이미 다 털려서 중국에 둥둥 스미싱 대상
naver_news,https://n.news.naver.com/mnews/article/092/0002365092?sid=105,,2025.04.07. 15:31,작성자에 의해 삭제된 댓글입니다.
naver_news,https://n.news.naver.com/mnews/article/437/0000431566?sid=101,,2025.02.27. 10:28,"안그래도 조금 전에 080 번호로 해킹 당해서 죄송하다는 문자 메시지 받았는데, 스팸인줄 알았더니 진짜 였네..😂"
naver_news,https://n.news.naver.com/mnews/article/437/0000431566?sid=101,,2025.02.27. 10:29,"어쩐지 스팸문자,피싱 겁나게 오더라 작년 10월에 유출됐다는 문자가 오늘 날라오네 개같은.."
naver_news,https://n.news.naver.com/mnews/article/437/0000431566?sid=101,,2025.02.27. 10:33,손해배상 어떻게 하나요
naver_news,https://n.news.naver.com/mnews/article/437/0000431566?sid=101,,2025.02.27. 10:29,그냥 대표 사임하고 보안담당자들 책임지고 회사 문 닫자
naver_news,https://n.news.naver.com/mnews/article/437/0000431566?sid=101,,2025.02.27. 10:33,아... 뭔 피싱문자를 이렇게 정성스럽게 보내나 했는데 진짜였네 ㅋㅋㅋㅋ GS편의점 어플 자주 사용하는데 그거땜에 당첨된거같네. 편의점 옮겨야하나 휴...
naver_news,https://n.news.naver.com/mnews/article/437/0000431566?sid=101,,2025.02.27. 11:24,유출이 아니라 판매겟지 ㅋㅋㅋ
naver_news,https://n.news.naver.com/mnews/article/437/0000431566?sid=101,,2025.02.27. 23:39,아. 짜증나. 오늘 gs프레시 돈썼는데… 머리에불난다
naver_news,https://n.news.naver.com/mnews/article/437/0000431566?sid=101,,2025.02.27. 11:20,헐 개인통관번호를ㄷㄷ
naver_news,https://n.news.naver.com/mnews/article/437/0000431566?sid=101,,2025.02.27. 11:11,아침에 문자받았다.. 하루걸러 스팸오는 이유가 있었네 ㅠ
naver_news,https://n.news.naver.com/mnews/article/437/0000431566?sid=101,,2025.02.27. 10:48,26일까지 포인트 쓰라고 하더니 27일 사과를 한다? 알고 있었던게 아닐까? 뭔가 좀 찜찜한데?
naver_news,https://n.news.naver.com/mnews/article/437/0000431566?sid=101,,2025.02.27. 10:33,야무지게도 털어갔네 어떻게할건데 이제
naver_news,https://n.news.naver.com/mnews/article/437/0000431566?sid=101,,2025.03.01. 01:02,작성자에 의해 삭제된 댓글입니다.
naver_news,https://n.news.naver.com/mnews/article/052/0002158695?sid=101,,2025.02.27. 12:06:59,조치가 어떻게 진행되는지 후속기사 원함
naver_news,https://n.news.naver.com/mnews/article/052/0002158695?sid=101,,2025.02.27. 12:12:26,우리나라 사람들 개인정보는 공공재인가....
naver_news,https://n.news.naver.com/mnews/article/052/0002158695?sid=101,,2025.02.27. 12:13:21,"대기업이 개인정보 관리 수준이 이정도면 개판 수준이다...개인정보 관리 강화하고 부실시 가중 처벌해야...개인별로 배상금도 올려라...GS리테일, 편의점 이어 홈쇼핑도 해킹...개인정보 158만 건 유출.....엉터 리 개인정보 관리는 범죄다.."
naver_news,https://n.news.naver.com/mnews/article/052/0002158695?sid=101,,2025.07.13. 13:36:40,작성자에 의해 삭제된 댓글입니다.
naver_news,https://n.news.naver.com/mnews/article/052/0002158695?sid=101,,2025.02.27. 12:20:28,아무리 수신거부를 걸어놓아도 지속적으로 걸려오는 광고전화에는 다 이유가 있는거지.
naver_news,https://n.news.naver.com/mnews/article/052/0002158695?sid=101,,2025.02.27. 16:59:05,미국이었음 집단소송에 회사가 휘청할 감인데 문자 하나보내고끝?
naver_news,https://n.news.naver.com/mnews/article/052/0002158695?sid=101,,2025.02.28. 13:50:49,오늘 해킹 당했다고 문자 왔던데 그냥 미안하다 끝
naver_news,https://n.news.naver.com/mnews/article/052/0002158695?sid=101,,2025.02.27. 20:02:27,최근 광고성 문자 전화 겁나오드만~니들 해킹 문자 보고 이해 했다
naver_news,https://n.news.naver.com/mnews/article/052/0002158695?sid=101,,2025.02.28. 21:19:21,작성자에 의해 삭제된 댓글입니다.
naver_news,https://n.news.naver.com/mnews/article/052/0002158695?sid=101,,2025.02.27. 12:37:21,얼마전 모두투어 유출된건 어찌됌?
naver_news,https://n.news.naver.com/mnews/article/052/0002158695?sid=101,,2025.02.27. 12:24:03,보상하라
naver_news,https://n.news.naver.com/mnews/article/052/0002158695?sid=101,,2025.02.27. 12:20:15,화웨이 장비쓰는 기업들 관공서 다 교체해야함~~
naver_news,https://n.news.naver.com/mnews/article/052/0002158695?sid=101,,2025.02.27. 12:16:09,"이제 이런 거에 무감각해질 정도네. 개인정보 유출되면 뭐 처벌을 받길 해, 보상을 해주길 해.. 스팸전화만 또 겁나 오겠네. 에휴."
naver_news,https://n.news.naver.com/mnews/article/052/0002158695?sid=101,,2025.03.20. 11:08:59,클린봇이 부적절한 표현을 감지한 댓글입니다.
naver_news,https://n.news.naver.com/mnews/article/052/0002158695?sid=101,,2025.03.04. 01:30:27,소잃고 외양간 고치기 오지네
naver_news,https://n.news.naver.com/mnews/article/052/0002158695?sid=101,,2025.03.02. 17:10:04,얘네는 진짜 웃긴게 몇달 전에도 그러더니 보안 신경을 안쓰나? 그냥 사과하면 끝이샤?
naver_news,https://n.news.naver.com/mnews/article/052/0002158695?sid=101,,2025.04.11. 13:04:59,작성자에 의해 삭제된 댓글입니다.
naver_news,https://n.news.naver.com/mnews/article/052/0002158695?sid=101,,2025.02.28. 10:30:10,클린봇이 부적절한 표현을 감지한 댓글입니다.
naver_news,https://n.news.naver.com/mnews/article/052/0002158695?sid=101,,2025.02.28. 08:26:20,사과 문자 하나 오구 끝이네 역시 ㅋ gs 탈퇴해야지
naver_news,https://n.news.naver.com/mnews/article/052/0002158695?sid=101,,2025.02.28. 06:58:40,법이 개판이니 기업들이 정보보호에 신경을 안쓰는 거지. 최근 털린 곳 중에 보상한 곳이 어디가 있냐?
naver_news,https://n.news.naver.com/mnews/article/052/0002158695?sid=101,,2025.02.27. 15:07:09,시방아 작년7월이라면서 ㅋㅋㅋ 이미 내개인정보 다 털려서 돌아다닐듯 ㅋㅋㅋㅋㅋ 잃어버렸다 찾았다도 아니고
naver_news,https://n.news.naver.com/mnews/article/052/0002158695?sid=101,,2025.02.27. 15:05:40,24년 7월에 유출이라 방금 문자왔는데 맞나요??
naver_news,https://n.news.naver.com/mnews/article/052/0002158695?sid=101,,2025.02.27. 14:31:35,"어차피 잡혀도, 뭐, 처벌도 제대로 안 하니."
naver_news,https://n.news.naver.com/mnews/article/052/0002158695?sid=101,,2025.02.27. 13:16:07,제일 웃긴건 작년 7월 일을 지금 알려주는ㅋㅋㅋㅋㅋㅋㅋㅋㅋ 소 잃고 외양간 고치나..?
naver_news,https://n.news.naver.com/mnews/article/052/0002158695?sid=101,,2025.02.27. 13:08:31,몆년전 과거 티비에서 화이트해커 인터뷰 봤는데 기업이나 관공서등 보안에 투자가 적어 취약 하다고 했던 기억이...그런데도 아직도 이런가
naver_news,https://n.news.naver.com/mnews/article/052/0002158695?sid=101,,2025.02.27. 13:04:58,"[Web발신] GS리테일에서 안내 드립니다. 먼저, 고객님께 심려를 끼쳐 드려 진심으로 사과 드립니다. 지난 2024-12-21경 당사 홈쇼핑 웹사이트에서 발생한 해킹 공격으로 인해 고객님의 개인정보가 유출된 정황을 확인하였습니다. 이에, 당사는 계정 잠금 및 개인정보 수정 차단 등의 보안 조치를 취하였습니다. 이번 해킹 공격은 타 웹사이트에서 유출된 것으로 추정되는 고객님의 계정정보(ID, 비밀번호)를 악용한 것으로, 아직 비밀번호를 변경하지 않으신 고객님께서는, 추가 피해 예방을 위해 비밀번호를 변경하시길 권장 드립니다."
naver_news,https://n.news.naver.com/mnews/article/052/0002158695?sid=101,,2025.02.27. 18:29:36,작성자에 의해 삭제된 댓글입니다.
naver_news,https://n.news.naver.com/mnews/article/052/0002158695?sid=101,,2025.02.28. 14:29:17,작성자에 의해 삭제된 댓글입니다.
naver_news,https://n.news.naver.com/mnews/article/052/0002158695?sid=101,,2025.02.27. 12:57:45,문닫고 상폐가 답임 요즘은 씨유다
naver_news,https://n.news.naver.com/mnews/article/052/0002158695?sid=101,,2025.02.27. 12:57:37,아.. 열받네..
naver_news,https://n.news.naver.com/mnews/article/052/0002158695?sid=101,,2025.02.27. 12:56:44,저런씨............
naver_news,https://n.news.naver.com/mnews/article/052/0002158695?sid=101,,2025.02.27. 20:07:37,작성자에 의해 삭제된 댓글입니다.
naver_news,https://n.news.naver.com/mnews/article/052/0002158695?sid=101,,2025.02.27. 12:50:48,소잃고 외양간 고쳐봐야 뭔소용~
naver_news,https://n.news.naver.com/mnews/article/052/0002158695?sid=101,,2025.02.27. 12:45:54,아고 또전화문자 엄청오겠네~~~ 안팔아먹었음 다행이고
naver_news,https://n.news.naver.com/mnews/article/052/0002158695?sid=101,,2025.02.27. 12:45:49,뭐여.내 정보도 다 해킹됐겠네??
naver_news,https://n.news.naver.com/mnews/article/052/0002158695?sid=101,,2025.02.27. 12:41:24,클린봇이 부적절한 표현을 감지한 댓글입니다.
naver_news,https://n.news.naver.com/mnews/article/052/0002158695?sid=101,,2025.02.27. 23:42:56,작성자에 의해 삭제된 댓글입니다.
naver_news,https://n.news.naver.com/mnews/article/052/0002158695?sid=101,,2025.02.27. 12:32:59,개인정보. 암호화 분리보관조치 안한거야?
naver_news,https://n.news.naver.com/mnews/article/052/0002158695?sid=101,,2025.02.27. 12:29:07,어쩐지 이상한 전화가 왜 오나했다 성질나네
naver_news,https://n.news.naver.com/mnews/article/052/0002158695?sid=101,,2025.02.27. 12:28:38,배상을 해줘야지
naver_news,https://n.news.naver.com/mnews/article/052/0002158695?sid=101,,2025.02.27. 12:25:03,gs에서 문자 와서 피싱 인줄 알았는데 나 털렸네 지기미
naver_news,https://n.news.naver.com/mnews/article/052/0002158695?sid=101,,2025.02.27. 12:24:21,아예 개인정보 수집을 못하게 하자!
naver_news,https://n.news.naver.com/mnews/article/052/0002158695?sid=101,,2025.02.28. 11:21:04,작성자에 의해 삭제된 댓글입니다.
naver_news,https://n.news.naver.com/mnews/article/052/0002158695?sid=101,,2025.02.27. 12:21:12,어쩐지 지에스 포인트가 하나도 없더라 내 포인트 돌려주세요
naver_news,https://n.news.naver.com/mnews/article/052/0002158695?sid=101,,2025.02.27. 12:19:50,얼마나 법이 열악하면....
naver_news,https://n.news.naver.com/mnews/article/052/0002158695?sid=101,,2025.02.27. 12:10:10,지에스 슈퍼도 털렸겠군~~
naver_news,https://n.news.naver.com/mnews/article/052/0002158695?sid=101,,2025.03.24. 20:24:03,작성자에 의해 삭제된 댓글입니다.
naver_news,https://n.news.naver.com/mnews/article/052/0002158695?sid=101,,2025.02.27. 20:19:52,본인 계정 정보 엄한데 털리고 관리 안해 벌어진일. GS탓하는거야? 당신들 계정 털렸다고 알려주는데 얼른 바꾸세요. 다른 사이트 비번들. 과연 GS만 털렸을까?
naver_news,https://n.news.naver.com/mnews/article/014/0005314143?sid=101,,2025.02.27. 20:52,카카오페이는 대놓고 중국에 개인정보 주는것은 알고있냐?
naver_news,https://n.news.naver.com/mnews/article/277/0005528486?sid=101,,2025.01.10. 15:10,해서 뭐ㅜ보상도 처 없잔아 뭘 사과해 똑같은데 맨날
naver_news,https://n.news.naver.com/mnews/article/092/0002358733?sid=105,,2025.01.06. 15:38,처벌도 약하니 신경 쓰겠나
naver_news,https://n.news.naver.com/mnews/article/092/0002358733?sid=105,,2025.01.06. 14:12,허 버라지들 일하는게 그렇지
naver_news,https://n.news.naver.com/mnews/article/138/0002188929?sid=105,,2025.01.06. 17:45,북한중국 ㅋㅋ
naver_news,https://n.news.naver.com/mnews/article/138/0002188929?sid=105,,2025.01.07. 13:48,작성자에 의해 삭제된 댓글입니다.
naver_news,https://n.news.naver.com/mnews/article/032/0003353619?sid=101,,2025.02.27. 10:54,클린봇이 부적절한 표현을 감지한 댓글입니다.
naver_news,https://n.news.naver.com/mnews/article/081/0003521364?sid=102,,2025.02.27. 15:30,아 짜증나네 보이스피싱인줄 알았더니 정말 털렸나 ㅡㅡ 이정도면 사과로 끝날일인가 이게?
naver_news,https://n.news.naver.com/mnews/article/081/0003521364?sid=102,,2025.02.27. 18:02,와… 이게 꼴랑 문자로 될 일이냐??? 너네때문에 사이트 비번 바꾸느라 Dog고생하고 있다 ㅠㅠ 책임져라
naver_news,https://n.news.naver.com/mnews/article/081/0003521364?sid=102,,2025.02.27. 15:28,제대로 관리 안하나요? 벌금매겨서 정신차리게 해야할듯... 1580억 쯤 ☹️☹️
naver_news,https://n.news.naver.com/mnews/article/081/0003521364?sid=102,,2025.02.27. 15:39,진짜 우리나라는 개인정보에대해 너무 경시한다 심각한 문제인데
naver_news,https://n.news.naver.com/mnews/article/081/0003521364?sid=102,,2025.02.27. 15:44,해킹당한건가 팔아먹은건가? 수사해서 처벌하자...이건 맨날...
naver_news,https://n.news.naver.com/mnews/article/081/0003521364?sid=102,,2025.02.27. 15:34,중국으로 넘겼냐..에휴
naver_news,https://n.news.naver.com/mnews/article/081/0003521364?sid=102,,2025.02.27. 15:17,GS 또...
naver_news,https://n.news.naver.com/mnews/article/081/0003521364?sid=102,,2025.02.27. 16:00,돌겠네 여기도 털리고 연속적으로 대교? 마카다미아 어쩌고...하는데도 털림
naver_news,https://n.news.naver.com/mnews/article/081/0003521364?sid=102,,2025.03.12. 11:14,작성자에 의해 삭제된 댓글입니다.
naver_news,https://n.news.naver.com/mnews/article/081/0003521364?sid=102,,2025.02.28. 12:29,"국제전화랑 스팸문자가 갑자기 막 엄청와요, 정보유출 이상없다고 확인됐다는데,,,, 하 국제전화 …겁나옴"
naver_news,https://n.news.naver.com/mnews/article/081/0003521364?sid=102,,2025.02.28. 07:07,어제 서울지방검찰청이라고 직원들 돌아가면서 보이스피싱 전화 오더라고요
naver_news,https://n.news.naver.com/mnews/article/081/0003521364?sid=102,,2025.02.27. 23:13,모든사이트 비번 다 바꿔야하나용
naver_news,https://n.news.naver.com/mnews/article/081/0003521364?sid=102,,2025.02.27. 22:34,피해보상도 없이 비번만 바꾸라뇨? 너무 어이없네
naver_news,https://n.news.naver.com/mnews/article/081/0003521364?sid=102,,2025.02.27. 16:24,친중 기업 답다...
naver_news,https://n.news.naver.com/mnews/article/081/0003521364?sid=102,,2025.02.27. 15:46,문자한통으로 사과와 경고를 동시에
naver_news,https://n.news.naver.com/mnews/article/081/0003521364?sid=102,,2025.02.27. 20:10,작성자에 의해 삭제된 댓글입니다.
naver_news,https://n.news.naver.com/mnews/article/081/0003521364?sid=102,,2025.06.03. 15:14,작성자에 의해 삭제된 댓글입니다.
naver_news,https://n.news.naver.com/mnews/article/081/0003521364?sid=102,,2025.02.27. 16:03,의도적이네
naver_news,https://n.news.naver.com/mnews/article/366/0001057129?sid=101,,2025.02.27. 12:53,어떻게보상할래🤬🤬🤬🤬
naver_news,https://n.news.naver.com/mnews/article/417/0001060847?sid=101,,2025.02.27. 10:28,아이씨...짜증나네
naver_news,https://n.news.naver.com/mnews/article/417/0001060847?sid=101,,2025.02.27. 10:57,작년 7월 유출인데 이제 알려준것도 레전드
naver_news,https://n.news.naver.com/mnews/article/417/0001060847?sid=101,,2025.02.27. 11:21,참 기업하기 좋은나라다 ㅋㅋㅋㅋㅋ 개인정보 수백만개가 털려도 문자로 사과하면 끝이냐?
naver_news,https://n.news.naver.com/mnews/article/417/0001060847?sid=101,,2025.02.27. 10:39,갑자기 문자 날라와서 피싱문잔가 하고 확인하러 왔더니 이왜진?
naver_news,https://n.news.naver.com/mnews/article/417/0001060847?sid=101,,2025.02.27. 10:46,돈으로 배상해라
naver_news,https://n.news.naver.com/mnews/article/417/0001060847?sid=101,,2025.02.27. 11:53,"그냥 대충 공지띄우고 사과하면 이게 끝이야? 해결대책이 있냐고. 두루뭉실하게 보안 강화하겠다 이러면 끝나는 거야? 또 털리면ㅋ 진짜 역겹네. 어떤 경위로 누가 가져간 건지, 가져간 정보를 어떻게 폐기시키게 할 건지는 공지 안하나? 그냥 문제있으면 신고하든가 이거잖아. 물건 팔아먹을 때는 좋고 일말의 책임의식은 없고. 책임을 못 질 거면 회원 정보를 받지마."
naver_news,https://n.news.naver.com/mnews/article/417/0001060847?sid=101,,2025.02.27. 11:18,나는 작년10월....사과문만 보내면 끝인가요 해킹범이 내정보 다 털어갔는데...
naver_news,https://n.news.naver.com/mnews/article/417/0001060847?sid=101,,2025.02.27. 11:51,배상 안 함?
naver_news,https://n.news.naver.com/mnews/article/417/0001060847?sid=101,,2025.02.27. 11:38,작년 11월에 일어난 일을 이제서야 공지하고 언론이 받아쓰고? 심지어 그냥 죄송하단 문자로 끝?? 이게 뭐야?!
naver_news,https://n.news.naver.com/mnews/article/417/0001060847?sid=101,,2025.02.27. 11:56,고객센터 전화도 아예 안받고 18분째 대기중 나옴 통화량이 많다는데 이런사안에는 상담인원따로 만들어야지 비번바꾸라고 하는데 되지도 않는비번 뭔수로 바꿈 일치하지않는 회원이라뜨고 나참!!
naver_news,https://n.news.naver.com/mnews/article/417/0001060847?sid=101,,2025.02.27. 11:11,기업들 이런 사고 일어나면 사과하고 안내문자 보내면 끝인줄 아는데 벌금 좀 많이 물리던가 해야지!! 유출될거 다 유출되고 보안강화하면 뭐하니???
naver_news,https://n.news.naver.com/mnews/article/417/0001060847?sid=101,,2025.02.27. 11:05,"작년9월 유출..ㅡ ㅡ..다시들어가보니 비밀번회 초기화됐다고 다시 설정하라는데, 비밀번호찾기나오는데 이거해도더ㅡ나싶네...."
naver_news,https://n.news.naver.com/mnews/article/417/0001060847?sid=101,,2025.02.27. 17:21,사과? ㅋㅋㅋ 과징금 3천억때리고 유출 피해자들한테 보상해라. 미국같으면 수조원 소송감인데 법이 그지 같네 아주.
naver_news,https://n.news.naver.com/mnews/article/417/0001060847?sid=101,,2025.02.27. 11:25,팔아먹고 털렸다고 허위보고...
naver_news,https://n.news.naver.com/mnews/article/417/0001060847?sid=101,,2025.02.27. 10:58,문자 왔던데 털리고나서 고치면 뭐하나 피해보면 회사 찾아가야지
naver_news,https://n.news.naver.com/mnews/article/417/0001060847?sid=101,,2025.03.01. 19:58,작성자에 의해 삭제된 댓글입니다.
naver_news,https://n.news.naver.com/mnews/article/417/0001060847?sid=101,,2025.02.27. 12:05,장난치나 달랑 공지사항 보내면 끝인가 GS 손절이 답인가 소 잃고 외양간 고치는 격이지 무슨 회사가 이래 어이 없네 어이 없어
naver_news,https://n.news.naver.com/mnews/article/417/0001060847?sid=101,,2025.02.27. 11:29,뭔 사과면 다되나? 다른 나라도 그런가?
naver_news,https://n.news.naver.com/mnews/article/417/0001060847?sid=101,,2025.03.02. 00:04,클린봇이 부적절한 표현을 감지한 댓글입니다.
naver_news,https://n.news.naver.com/mnews/article/417/0001060847?sid=101,,2025.02.27. 19:42,정말 별난게 다 신경 쓰이게하네 10할
naver_news,https://n.news.naver.com/mnews/article/417/0001060847?sid=101,,2025.02.27. 17:19,탈퇴함
naver_news,https://n.news.naver.com/mnews/article/417/0001060847?sid=101,,2025.02.27. 16:25,작성자에 의해 삭제된 댓글입니다.
naver_news,https://n.news.naver.com/mnews/article/417/0001060847?sid=101,,2025.02.27. 16:05,집단소송가자
naver_news,https://n.news.naver.com/mnews/article/417/0001060847?sid=101,,2025.02.27. 15:11,클린봇이 부적절한 표현을 감지한 댓글입니다.
naver_news,https://n.news.naver.com/mnews/article/417/0001060847?sid=101,,2025.02.27. 11:23,사과하면 끝이야?
naver_news,https://n.news.naver.com/mnews/article/417/0001060847?sid=101,,2025.02.27. 10:56,작성자에 의해 삭제된 댓글입니다.
naver_news,https://n.news.naver.com/mnews/article/417/0001060847?sid=101,,2025.02.27. 10:58,작성자에 의해 삭제된 댓글입니다.
naver_news,https://n.news.naver.com/mnews/article/421/0008101030?sid=101,,2025.02.27. 18:42,신뢰회복? 피해자들 피해 보상이 먼저인데 진짜 한국대기업이 다른나라 수출이 점점 힘들어지는 이유가 여기있음. 중국보다 못한 깡패적운영임. 150만명 개인정보가 유출되었는데 신뢰회복부터생각해? 심지어 이거 6개월이나 늦게알림.
naver_news,https://n.news.naver.com/mnews/article/629/0000368562?sid=101,,2025.02.27. 12:30,클린봇이 부적절한 표현을 감지한 댓글입니다.
naver_news,https://n.news.naver.com/mnews/article/003/0013091244?sid=101,,2025.06.03. 19:58,작성자에 의해 삭제된 댓글입니다.
naver_news,https://n.news.naver.com/mnews/article/003/0013091244?sid=101,,2025.02.27. 11:12,방금 gs리테일 문자 받았음 그래서 그동안 070 전화와 스팸 문자 및 주식 코인 안마 등등 스팸 문자땜에 내가 고생 했구나 차단하고 차단해도 끝도 없이 밀려들었구나 gs는 이거 어떻게 보상 할거임?
naver_news,https://n.news.naver.com/mnews/article/003/0013091244?sid=101,,2025.02.27. 10:17,사과하고 기사문 내면 끝인가
naver_news,https://n.news.naver.com/mnews/article/003/0013091244?sid=101,,2025.02.27. 10:53,그 이후부터 마사지샵이라고 하고 개인정보가 유출되서 고객님한테 피해가 간다고 스미싱 전화가 계속 오는데 어떻게 전화랑 이름 주소를 아는가 했더니 이거구나 ㅡ ㅡ 하 진짜
naver_news,https://n.news.naver.com/mnews/article/003/0013091244?sid=101,,2025.03.02. 20:47,작성자에 의해 삭제된 댓글입니다.
naver_news,https://n.news.naver.com/mnews/article/030/0003292913?sid=105,,2025.03.13. 15:48,그리스도의 심판석에서 예수님 뵙는 날이 머지 않았구나? 마라나타 ❤️
naver_news,https://n.news.naver.com/mnews/article/029/0002941678?sid=105,,2025.04.02. 10:41,작성자에 의해 삭제된 댓글입니다.
naver_news,https://n.news.naver.com/mnews/article/092/0002367097?sid=105,,2025.03.27. 14:43,쥐가가 말해줌. 그 회사 현재 수준 ㅋㅋㅋ
naver_news,https://n.news.naver.com/mnews/article/092/0002367097?sid=105,,2025.03.19. 15:11,보안업계에서 자사 제품을 놓고 완벽 안전 이따위 말 쓰는 업체 치고 제대로 하는데 한군데도 못봄 ㅋㅋㅋㅋㅋㅋㅋㅋㅋㅋㅋㅋㅋㅋㅋㅋ
naver_news,https://n.news.naver.com/mnews/article/092/0002367097?sid=105,,2025.03.19. 10:24,부품수입은 전수조사할수도없고
naver_news,https://n.news.naver.com/mnews/article/092/0002367097?sid=105,,2025.03.19. 10:14,.
naver_news,https://n.news.naver.com/mnews/article/015/0005078581?sid=101,,2025.01.07. 00:22,역시 우리정보는 공공재였군요
naver_news,https://n.news.naver.com/mnews/article/374/0000419159?sid=101,,2025.01.07. 21:09,작성자에 의해 삭제된 댓글입니다.
naver_news,https://n.news.naver.com/mnews/article/374/0000419159?sid=101,,2025.01.12. 02:52,작성자에 의해 삭제된 댓글입니다.
naver_news,https://n.news.naver.com/mnews/article/374/0000419159?sid=101,,2025.01.06. 16:00,괜찮아. 타시이트에서도 하도 털려서.
naver_news,https://n.news.naver.com/mnews/article/374/0000419159?sid=101,,2025.01.06. 15:58,문자받아서 전화했는데 … 이미 털려서 어쩔수없다. 우리는 그래서 방어조치는 할만큼했다~ 고갱님~ 사과부터 해야지………… 상담원아 너네 잘못은 아닌데 그래도 태도부터 바꿔라 …
naver_news,https://n.news.naver.com/mnews/article/374/0000419159?sid=101,,2025.01.06. 15:55,지에스홈쇼핑.지에스프레시 다 통합 아닌가??
naver_news,https://n.news.naver.com/mnews/article/374/0000419159?sid=101,,2025.01.06. 15:48,도둑질 사기질은 죄가 아니다 이나라는
naver_news,https://n.news.naver.com/mnews/article/374/0000419159?sid=101,,2025.01.06. 15:46,요즘 안털린 번호가 있긴한가 모르것다
naver_news,https://n.news.naver.com/mnews/article/374/0000419159?sid=101,,2025.01.06. 15:31,니미 지난 10년간 스팸차단 막아냈더니 또 털렸네..아ㅜㅜ
naver_news,https://n.news.naver.com/mnews/article/374/0000419159?sid=101,,2025.01.06. 15:30,난 gs리테일에서 연락 안왔는데........이런거 비번 바꾸라고 하는것등 안내해줘야 하는거 아닌가?
naver_news,https://n.news.naver.com/mnews/article/374/0000419159?sid=101,,2025.01.06. 15:28,전화사기에 사용 되겠군
naver_news,https://n.news.naver.com/mnews/article/374/0000419159?sid=101,,2025.01.07. 11:54,작성자에 의해 삭제된 댓글입니다.
naver_news,https://n.news.naver.com/mnews/article/374/0000419159?sid=101,,2025.01.08. 22:10,작성자에 의해 삭제된 댓글입니다.
naver_news,https://n.news.naver.com/mnews/article/056/0011869554?sid=101,,2025.01.07. 16:04,대기업도 해커에 뚫릴 수잏다. 더우기 선관위는 비번 소홀히 다루거나 코로나때부터 외부에서 지내여 VPN으로 접속하는 등 ID/PASS관리가 부족해 더 취약해 졌을 것이다. 인터넷에 해커가 선관위 해킹한 정보가 떠돈다는데...
naver_news,https://n.news.naver.com/mnews/article/056/0011869554?sid=101,,2025.01.06. 19:26,헉.. 피해보상해라
naver_news,https://n.news.naver.com/mnews/article/374/0000419259?sid=101,,2025.01.07. 08:09,"GS가 악질인데 이름, 생년월일, 성별, 전화번호, 아이디, 비밀번호, 주소 개인정보 핵심이 다 털렸는데 일부가 유출되었다고 문자 보냄. 거기다 비밀번호 변경하라고 하는데 가입 사이트 전체를 변경해야 하는지 GS만 변경해야 하는지 안내도 상세하게 안나옴. 중요정보 전부다 해킹 당하고는 일부라고 사건을 축소하려고만 함."
naver_news,https://n.news.naver.com/mnews/article/024/0000095350?sid=101,,2025.03.04. 22:42,벌금 맞고 털린 고객에게 배상해라.. 한두번도 아니고. 판새들아 벌금 좀 세게 매겨라..
naver_news,https://n.news.naver.com/mnews/article/024/0000095350?sid=101,,2025.03.05. 01:38,외국에선 엄청난 벌금에 소송가면 개인 배상도 엄청난데 울나라는 그냥 미안하다하면 끝나네?
naver_news,https://n.news.naver.com/mnews/article/024/0000095350?sid=101,,2025.03.05. 00:19,아파트는 무너지고 유통은 정보가 털리는구나~~~~
naver_news,https://n.news.naver.com/mnews/article/024/0000095350?sid=101,,2025.03.05. 08:34,백날 인증 인증하면 뭐해 천날 털리는데
naver_news,https://n.news.naver.com/mnews/article/024/0000095350?sid=101,,2025.03.05. 01:58,고소해야겠네
naver_news,https://n.news.naver.com/mnews/article/024/0000095350?sid=101,,2025.03.05. 22:16,작성자에 의해 삭제된 댓글입니다.
naver_news,https://n.news.naver.com/mnews/article/024/0000095350?sid=101,,2025.03.05. 07:59,보안에투자좀해라 벌금 물을돈으로
naver_news,https://n.news.naver.com/mnews/article/024/0000095350?sid=101,,2025.03.05. 08:50,중국 간첩들이 털어갓구만. 이런 짓을 할 나라는 중국 외에 있을까
naver_news,https://n.news.naver.com/mnews/article/024/0000095350?sid=101,,2025.03.05. 09:06,이게 문제인게 비밀번호 웬만하면 다 똑같이 쓰거든. 다른 사이트도 다 털린 거임. 스팸 계속 옴.
naver_news,https://n.news.naver.com/mnews/article/024/0000095350?sid=101,,2025.03.05. 08:39,전산전문가 2~3명이 전부 외주주고 있는 선관위는 절대 해킹 안당한당께~
naver_news,https://n.news.naver.com/mnews/article/024/0000095350?sid=101,,2025.07.29. 22:49,작성자에 의해 삭제된 댓글입니다.
naver_news,https://n.news.naver.com/mnews/article/024/0000095350?sid=101,,2025.03.05. 02:59,이런 쓰파! 똑바로 못 하냐?
naver_news,https://n.news.naver.com/mnews/article/024/0000095350?sid=101,,2025.03.04. 23:19,고객들 개인정보 그냥 빼가든 말든 인것 같네…
naver_news,https://n.news.naver.com/mnews/article/024/0000095350?sid=101,,2025.03.05. 14:47,개읹어보 유출자들 집단 소송으로 맞서야 됨. 소비자를 봉으로 알고
naver_news,https://n.news.naver.com/mnews/article/024/0000095350?sid=101,,2025.03.05. 12:46,개인정보 털린것은 배상을해야지 !!! 또한 법을 개같이 만든 국회도 없애야된다.
naver_news,https://n.news.naver.com/mnews/article/024/0000095350?sid=101,,2025.03.05. 12:18,클린봇이 부적절한 표현을 감지한 댓글입니다.
naver_news,https://n.news.naver.com/mnews/article/024/0000095350?sid=101,,2025.03.26. 12:57,작성자에 의해 삭제된 댓글입니다.
naver_news,https://n.news.naver.com/mnews/article/024/0000095350?sid=101,,2025.03.05. 09:38,작성자에 의해 삭제된 댓글입니다.
naver_news,https://n.news.naver.com/mnews/article/024/0000095350?sid=101,,2025.03.05. 02:20,그러니까 니들은 폭망해야만 된다. 다시는 사업을 해서는 안 된다.
naver_news,https://n.news.naver.com/mnews/article/024/0000095350?sid=101,,2025.03.05. 00:18,ㆍ
naver_news,https://n.news.naver.com/mnews/article/031/0000917448?sid=101,,2025.03.20. 08:26,아버지 마음은 이해가 가지만 주식회사를 자기 마음대로 하는 우리나라 기업문화 바뀌어야 한다. 본인 회사와 주주를 위해서라면 미국처럼 전문 경영인을 써라.
naver_news,https://n.news.naver.com/mnews/article/031/0000917448?sid=101,,2025.03.22. 08:32,시게미츠 사토시아님?한국국적도 아니잖어
naver_news,https://n.news.naver.com/mnews/article/031/0000917448?sid=101,,2025.03.20. 09:13,클린봇이 부적절한 표현을 감지한 댓글입니다.
naver_news,https://n.news.naver.com/mnews/article/020/0003618192?sid=102,,2025.02.28. 04:41,중국에 안털린게있다고믿냐 기자야? 이미 전 세게 영혼까지 다털렸는데 고작 개인정보몇개로 발광질이네
naver_news,https://n.news.naver.com/mnews/article/243/0000073504?sid=101,,2025.02.28. 03:06:08,확인해보니 내껀 안전하다하던데
naver_news,https://n.news.naver.com/mnews/article/009/0005450744?sid=103,,2025.02.27. 10:16,아니 이정도면 개인정보 유출의 대한 보상과 벌금을 법제화 해야하는거 아닌가요?? 아무런 책임이 없으니 그냥 사과하고 띡 끝내는거 같은데 어이가 없네요
naver_news,https://n.news.naver.com/mnews/article/009/0005450744?sid=103,,2025.02.27. 10:00,방금 문자왔는데 뭐임..
naver_news,https://n.news.naver.com/mnews/article/009/0005450744?sid=103,,2025.02.27. 10:42,추가 피해가 발생하지 않게 바로 사실을 알렸어야 하는거 아닌가요? 몇달지나 문자로 안내해 바꾸라는건 뭔가요? 이미 수개월이나 개인정보가 유출된 상태로 이용이 되었을 수도 있는데요. 제대로 법적 처벌 받으시길 바랍니다.
naver_news,https://n.news.naver.com/mnews/article/009/0005450744?sid=103,,2025.02.27. 10:10,벌금좀 쎄게 물리고 보상케하라!! 개인정보가 무슨 공공재인가??
naver_news,https://n.news.naver.com/mnews/article/009/0005450744?sid=103,,2025.02.27. 09:58,사과만 하고 나아지는 게 없다 사과하면 끝인가 이런 것도 지들이 먼저 말하는게 아니라 기사 통해서 알려지면 그제야 미안한척 대충 사과하고 ㅋㅋ
naver_news,https://n.news.naver.com/mnews/article/009/0005450744?sid=103,,2025.02.27. 11:50,별일 아니라는 식으로 계속 넘어가네요. 안 중요한 정보면 요구를 하지 마시라고요. 받아갔으면 책임을 지고요.
naver_news,https://n.news.naver.com/mnews/article/009/0005450744?sid=103,,2025.04.24. 11:17,작성자에 의해 삭제된 댓글입니다.
naver_news,https://n.news.naver.com/mnews/article/009/0005450744?sid=103,,2025.03.05. 16:00,작성자에 의해 삭제된 댓글입니다.
naver_news,https://n.news.naver.com/mnews/article/009/0005450744?sid=103,,2025.02.27. 11:47,고객명/휴대폰번호/이메일주소/아이디/주소/전화번호/생일/성별<- 유출 됐다는 디... 소송 대리할 분 없나요? 댓글 좀
naver_news,https://n.news.naver.com/mnews/article/009/0005450744?sid=103,,2025.02.27. 10:10,이거 피해발생 상관없이 보상하세요. 앞으로 어떻게 될지 알고..불안해서 살 수가 없네
naver_news,https://n.news.naver.com/mnews/article/009/0005450744?sid=103,,2025.02.27. 10:30,Gs 사발면들.. 개인정보 피해 유출로 문제생기면 분쟁 조정 연락처 남길게 아니라 일단 유출됐으니 보상을 해야지 한바퀴 도랐?
naver_news,https://n.news.naver.com/mnews/article/009/0005450744?sid=103,,2025.02.27. 10:11,보안시스템에는 돈 투자안한다는 거네 이따위로 쳐하니까 개인정보가 다 털리지
naver_news,https://n.news.naver.com/mnews/article/009/0005450744?sid=103,,2025.02.27. 14:18,작년에 털린걸 여태 쉬쉬하다가 매경 기사 나오니까 고객들한테 알린 거냐? 그마저 비번 바꾸세요- 끝?
naver_news,https://n.news.naver.com/mnews/article/009/0005450744?sid=103,,2025.02.27. 10:07,보안 쓰레기네 대한민국 기업하기 쉽다 처벌 제대로 안하잖아 고객 정보 다 유출시키네
naver_news,https://n.news.naver.com/mnews/article/009/0005450744?sid=103,,2025.02.27. 11:25,문자보내고 비번바꾸라고 하면 끝?? 어처구니없네
naver_news,https://n.news.naver.com/mnews/article/009/0005450744?sid=103,,2025.02.27. 19:02,2024년 6월 24일에 전부 유출됐는데 이제서야 문자 달랑 보내고 보상안 마련도 없는 이 못된 기업은 없어져야한다 망해라
naver_news,https://n.news.naver.com/mnews/article/009/0005450744?sid=103,,2025.02.27. 11:03,우리나라도 이제 이런거에 처벌과 보상을 좀 빡시게 해야된다.. 이젠 진짜 시대가 웬만한 데이터는 다 디지털로 변한만큼 개인정보로 모든걸 털어갈 수가 있어서.. 아 짜증나네..
naver_news,https://n.news.naver.com/mnews/article/009/0005450744?sid=103,,2025.02.27. 11:27,gs홈쇼핑에서 털린....통관번호도 바꿔야하는건가요...
naver_news,https://n.news.naver.com/mnews/article/009/0005450744?sid=103,,2025.02.27. 10:49,방금문자받았는데..그래서 대처는 어떻게?
naver_news,https://n.news.naver.com/mnews/article/009/0005450744?sid=103,,2025.02.27. 10:52,피싱문자인줄 알았는데 젠장. 거기 이용안해서 아디 비번 다까먹었는데 뭐냐. 회원탈퇴해야할듯
naver_news,https://n.news.naver.com/mnews/article/009/0005450744?sid=103,,2025.02.27. 13:38,무슨 제작년 10월에 일어난 일을 지금 수습하는거야.. 이제 안거야 뭐야 진짜 불쾌하네;;
naver_news,https://n.news.naver.com/mnews/article/009/0005450744?sid=103,,2025.04.21. 13:26,작성자에 의해 삭제된 댓글입니다.
naver_news,https://n.news.naver.com/mnews/article/009/0005450744?sid=103,,2025.02.27. 20:35,이건 사과로 끝날건 아니라본다
naver_news,https://n.news.naver.com/mnews/article/009/0005450744?sid=103,,2025.02.27. 15:57,??? 개인정보가 유출되었으면 보상을 해줘야되는거 아닌가요?? 문자로 사과 띡 하고 이게 뭔가요???
naver_news,https://n.news.naver.com/mnews/article/009/0005450744?sid=103,,2025.02.27. 15:12,문자머임? 통관고유번호까지? 머 이따구 대처가 있노
naver_news,https://n.news.naver.com/mnews/article/009/0005450744?sid=103,,2025.02.27. 11:25,이미 소는 외양간에 없는데 뭔 자물쇠를 바꾸래...애초 관리도 못할 개인정보를 왜케 많이 요구해
naver_news,https://n.news.naver.com/mnews/article/009/0005450744?sid=103,,2025.02.27. 11:02,털린걸 왜 이제 알리는거임? 문자 얼탱없네
naver_news,https://n.news.naver.com/mnews/article/009/0005450744?sid=103,,2025.02.27. 10:20,작년 10에 털린걸 왜 지금 알려주냐 모른척 넘어가다 걸렸나? 왜지?
naver_news,https://n.news.naver.com/mnews/article/009/0005450744?sid=103,,2025.02.27. 11:00,Gs는 원래 그랬음 불매한지 오래됨
naver_news,https://n.news.naver.com/mnews/article/009/0005450744?sid=103,,2025.02.27. 10:57,문자 받았는데 어떻게 해야 하는건가요? 탈퇴해도 이미 내 정보 빠져나간거 어떡하라는 건지.
naver_news,https://n.news.naver.com/mnews/article/009/0005450744?sid=103,,2025.02.27. 10:24,gs 탈퇴합니다 그냥 문자하나 띡 보내놓고 대처가 그게 다 인가요? 개인정보 하나 유출되면 여러개 다 털린다고 보면 되는데 열받넹ㅅ
naver_news,https://n.news.naver.com/mnews/article/009/0005450744?sid=103,,2025.02.27. 23:30,돈으로 배상해라
naver_news,https://n.news.naver.com/mnews/article/009/0005450744?sid=103,,2025.02.27. 18:12,저때털렸으면 비번바꿔도 필요없는거잖아 이미 털렸는데 ㅡㅡ
naver_news,https://n.news.naver.com/mnews/article/009/0005450744?sid=103,,2025.02.27. 15:28,문자받고 확인하고 비번 변경하고나니. 이름.주소. 전화번호 다털렸네? 갑자기 엄청 화가나고 또 피곤한 전화받겠네 싶고.. 그런데 사과만 하면 끝? 이런 미온적 대응이 가능한가? 말이되나?
naver_news,https://n.news.naver.com/mnews/article/009/0005450744?sid=103,,2025.02.27. 15:20,문자 받고 어이가없어서 기사 찾아봄..사과만 하면 끝임??쉽네 쉬워ㅋㅋㅋㅋㅋㅋㅋㅋㅋㅋㅋ
naver_news,https://n.news.naver.com/mnews/article/009/0005450744?sid=103,,2025.02.27. 12:25,방금 GS SHOP 홈피 들어가서 탈퇴처리하고 왔네용~중공 해커들한테 다털린거 같은데~ 큰1입니다ㅜㅠ
naver_news,https://n.news.naver.com/mnews/article/009/0005450744?sid=103,,2025.02.27. 11:25,고소ㄱㄱ
naver_news,https://n.news.naver.com/mnews/article/009/0005450744?sid=103,,2025.02.27. 11:03,진짜 갈 수록 GS는 정 떨어지네 그냥 문자만 보내면 끝이냐?
naver_news,https://n.news.naver.com/mnews/article/009/0005450744?sid=103,,2025.07.20. 01:16,작성자에 의해 삭제된 댓글입니다.
naver_news,https://n.news.naver.com/mnews/article/009/0005450744?sid=103,,2025.02.27. 10:29,개인통관번호 까지 유출되었다는데 이런부분에 대한 피해보상은 없는건지 대처가 너무 밋밋하네
naver_news,https://n.news.naver.com/mnews/article/009/0005450744?sid=103,,2025.02.27. 10:05,짜증난다
naver_news,https://n.news.naver.com/mnews/article/009/0005450744?sid=103,,2025.03.01. 18:55,작성자에 의해 삭제된 댓글입니다.
naver_news,https://n.news.naver.com/mnews/article/009/0005450744?sid=103,,2025.02.28. 15:49,보이스피싱전화로 저런정보 좔좔 읊으면 넘어갈확률 높아지겠는데? 무섭다.
naver_news,https://n.news.naver.com/mnews/article/009/0005450744?sid=103,,2025.02.28. 09:26,미국처럼 징벌적 손해배상 수십수백억 때려야 한다
naver_news,https://n.news.naver.com/mnews/article/009/0005450744?sid=103,,2025.02.27. 22:48,대처가 기가 막힘..보상 관련 한마디도 없이 사과문 한이 다임.. ㅋㅋㅋ 대단함..키우는 강아지가 실수했으면 이정도로ㅜ봐주지 대기업이 이런다고???
naver_news,https://n.news.naver.com/mnews/article/009/0005450744?sid=103,,2025.02.27. 19:19,저딴 기업은 그냥 문닫아야 함. 보안에 돈 투자하는게 쓸데없이 돈낭비 한다고 경영진은 생각했겠지. 쎄오랑 보안관련 임원은 그냥 콩밥 먹어야 함. GS는 벌써 몇번째 정보유출하는 건지 모르겠네. 예전엔 디비 담당하는 직원이 정보를 팔아먹지를 않나. 니들은 그냥 사업하지 말고 재래시장에서나 직원들이 일렬로 좌판깔고 장사나해라.
naver_news,https://n.news.naver.com/mnews/article/009/0005450744?sid=103,,2025.02.27. 18:49,물건만 팔아먹고 보안 쓰레기네 개인정보 어디에 어떻게 쓰일줄알고 158만명에게 반드시 보상안 마련해라
naver_news,https://n.news.naver.com/mnews/article/009/0005450744?sid=103,,2025.02.27. 17:34,이거때문에 그런가 갑자기 스팸전화가 많이오는데
naver_news,https://n.news.naver.com/mnews/article/009/0005450744?sid=103,,2025.02.27. 17:08,아니 8월 해킹을 지금 쳐 말하냐고
naver_news,https://n.news.naver.com/mnews/article/009/0005450744?sid=103,,2025.02.27. 16:37,진짜 보상 법제화하는게 입법부 역햔 아님?
naver_news,https://n.news.naver.com/mnews/article/009/0005450744?sid=103,,2025.02.27. 15:36,국민동의청원해서 보상안 마련 요구해야하는거 아닌가? 158만명... 쇼핑몰 개인정보는 너무 크다.
naver_news,https://n.news.naver.com/mnews/article/009/0005450744?sid=103,,2025.02.27. 14:54,사과문자보내면 무슨 면죄부라도되는줄아나봐
naver_news,https://n.news.naver.com/mnews/article/009/0005450744?sid=103,,2025.02.27. 14:30,어쩐지...작년 하반기에 엄청 전화 많이 오더만요... 조회해보니 작년 몇 개월 동안 유출됐었네요...
naver_news,https://n.news.naver.com/mnews/article/009/0005450744?sid=103,,2025.02.27. 17:09,작성자에 의해 삭제된 댓글입니다.
naver_news,https://n.news.naver.com/mnews/article/009/0005450744?sid=103,,2025.02.27. 13:46,사과로 끝나는 일이냐고...
naver_news,https://n.news.naver.com/mnews/article/009/0005450744?sid=103,,2025.02.27. 11:46,어쩐지 보이스 피싱 연락이 너무 대책없이 많이 오더라구요...
naver_news,https://n.news.naver.com/mnews/article/009/0005450744?sid=103,,2025.05.12. 12:55,작성자에 의해 삭제된 댓글입니다.
naver_news,https://n.news.naver.com/mnews/article/009/0005450744?sid=103,,2025.02.27. 11:39,탈퇴도 안되게 해놨던데. 왜죠?
naver_news,https://n.news.naver.com/mnews/article/009/0005450744?sid=103,,2025.02.27. 11:16,개인통관번호는 마약거래등에도 이용될 수 있는거 아닌가?
naver_news,https://n.news.naver.com/mnews/article/009/0005450744?sid=103,,2025.02.27. 11:09,문자 왔는디 스팸 인줄 ㅡㅡ
naver_news,https://n.news.naver.com/mnews/article/009/0005450744?sid=103,,2025.02.27. 11:07,카드사용 x 현금만 ㄱㄱ
naver_news,https://n.news.naver.com/mnews/article/009/0005450744?sid=103,,2025.04.14. 19:23,작성자에 의해 삭제된 댓글입니다.
naver_news,https://n.news.naver.com/mnews/article/009/0005450744?sid=103,,2025.02.27. 10:54,너들도 선관위냐?
naver_news,https://n.news.naver.com/mnews/article/009/0005450744?sid=103,,2025.02.27. 10:47,나도 문자왔음. 아 짜증나네
naver_news,https://n.news.naver.com/mnews/article/009/0005450744?sid=103,,2025.02.27. 10:21,이쯤되면 내부인지 외부인지 의심감!해킹이라고 하지만 믿기 어려움!훔쳐서 파는지 어쩌는지!
naver_news,https://n.news.naver.com/mnews/article/009/0005450744?sid=103,,2025.02.27. 10:19,보상 없이 입 닦네 ㄷ ㄷ
naver_news,https://n.news.naver.com/mnews/article/009/0005450744?sid=103,,2025.02.27. 11:04,중국 친화적으로 갈때 알아봤다. 어쩐지 요즘 대출광고 엄청 온 이유가 여기에 있었네...
naver_news,https://n.news.naver.com/mnews/article/009/0005450744?sid=103,,2025.03.02. 12:46,ㅡㅡ. 보상 해줘야 할 것 같은데..우리나라.. 왜 이리 쉽게 이런 사건을 넘기는지
naver_news,https://n.news.naver.com/mnews/article/009/0005450744?sid=103,,2025.02.28. 19:46,클린봇이 부적절한 표현을 감지한 댓글입니다.
naver_news,https://n.news.naver.com/mnews/article/009/0005450744?sid=103,,2025.03.12. 15:37,작성자에 의해 삭제된 댓글입니다.
naver_news,https://n.news.naver.com/mnews/article/009/0005450744?sid=103,,2025.02.28. 00:57,기업하기 힘든 나라?
naver_news,https://n.news.naver.com/mnews/article/009/0005450744?sid=103,,2025.02.27. 23:14,매번 반복되는 유출사고라도 죄송합니다로 말로 때우면 되는 기업하기 참 좋은 나라다.
naver_news,https://n.news.naver.com/mnews/article/009/0005450744?sid=103,,2025.02.27. 20:57,작성자에 의해 삭제된 댓글입니다.
naver_news,https://n.news.naver.com/mnews/article/009/0005450744?sid=103,,2025.02.27. 20:28,책임도 안지고 사과 문자 띡 보내면 끝??? 앞으로 유출 걸리면 대표이사 사형 시켜라! 아마 철두철미하게 관리 할꺼다
naver_news,https://n.news.naver.com/mnews/article/009/0005450744?sid=103,,2025.02.27. 20:11,그냥 개인정보를 수집 안 하면 안 됨? 솔직히 유출 안 되어도 뒤에서 정보거래 하잖아. 주민등록번호랑 전화번호만 수집하자.
naver_news,https://n.news.naver.com/mnews/article/009/0005450744?sid=103,,2025.10.16. 07:58,작성자에 의해 삭제된 댓글입니다.
naver_news,https://n.news.naver.com/mnews/article/009/0005450744?sid=103,,2025.02.27. 19:25,보상은 아무것도 없나요?
naver_news,https://n.news.naver.com/mnews/article/009/0005450744?sid=103,,2025.02.27. 19:00,탈퇴는 왜 안되는데?
naver_news,https://n.news.naver.com/mnews/article/009/0005450744?sid=103,,2025.03.03. 19:03,작성자에 의해 삭제된 댓글입니다.
naver_news,https://n.news.naver.com/mnews/article/009/0005450744?sid=103,,2025.02.27. 18:42,기업의 존폐가 갈릴 정도의 징벌적 손해배상을 때려야한다
naver_news,https://n.news.naver.com/mnews/article/009/0005450744?sid=103,,2025.02.27. 18:32,쓰레기 기업
naver_news,https://n.news.naver.com/mnews/article/009/0005450744?sid=103,,2025.02.27. 18:09,나에게도 문자가 왔더군.정보 털렸다고. ㅜㅜ
naver_news,https://n.news.naver.com/mnews/article/009/0005450744?sid=103,,2025.02.27. 16:53,사과면 끝? 어? 끝?!?
naver_news,https://n.news.naver.com/mnews/article/009/0005450744?sid=103,,2025.02.27. 16:20,몇주전부터 해외전화 엄청옴 이상하다햇다. .
naver_news,https://n.news.naver.com/mnews/article/009/0005450744?sid=103,,2025.02.27. 15:52,요새 갑자기 피싱문자가 오던데.. 이거였나..
naver_news,https://n.news.naver.com/mnews/article/009/0005450744?sid=103,,2025.02.27. 15:39,GS는 LG 화웨이 썼나요?
naver_news,https://n.news.naver.com/mnews/article/009/0005450744?sid=103,,2025.02.27. 15:39,"ㅋ...이거 뭐 보이스피싱인가 했는데.....아니네.,.;;; 도대체 뭐가 진실인지...세상이 왜 이렇게 됐냐??"
naver_news,https://n.news.naver.com/mnews/article/009/0005450744?sid=103,,2025.02.27. 15:34,클린봇이 부적절한 표현을 감지한 댓글입니다.
naver_news,https://n.news.naver.com/mnews/article/009/0005450744?sid=103,,2025.02.27. 15:29,이런건 그냥 미국처럼 천문학적 벌금 때려야 하는데 중공 간첩도 못잡는나라에서 머 당연한건가 에휴
naver_news,https://n.news.naver.com/mnews/article/009/0005450744?sid=103,,2025.02.27. 15:26,사과만하면 다임? 어떻게 보상할건데
naver_news,https://n.news.naver.com/mnews/article/009/0005450744?sid=103,,2025.02.27. 15:18,보이스피싱 문자인줄 알았는데 진짜네 ..ㅡ.ㅡ
naver_news,https://n.news.naver.com/mnews/article/009/0005450744?sid=103,,2025.02.27. 15:16,쪽본것들아 적당히해라
naver_news,https://n.news.naver.com/mnews/article/009/0005450744?sid=103,,2025.02.27. 14:52,사과로 퉁칠려는 모습 참 보기좋네... 외국이였으면 회산 파산이다
naver_news,https://n.news.naver.com/mnews/article/009/0005450744?sid=103,,2025.02.27. 14:52,개인정보 유출됐다고 문자가와서 찾아보니 아휴ㅜㅜ
naver_news,https://n.news.naver.com/mnews/article/009/0005450744?sid=103,,2025.04.09. 06:14,작성자에 의해 삭제된 댓글입니다.
naver_news,https://n.news.naver.com/mnews/article/009/0005450744?sid=103,,2025.02.27. 14:17,ㅂ
naver_news,https://n.news.naver.com/mnews/article/009/0005450744?sid=103,,2025.02.27. 14:05,탈퇴했어요
naver_news,https://n.news.naver.com/mnews/article/009/0005450744?sid=103,,2025.02.27. 13:50,그냥 탈퇴해버렸음..
naver_news,https://n.news.naver.com/mnews/article/009/0005450744?sid=103,,2025.02.27. 13:22,문자 안온사람은 안털린거임?
naver_news,https://n.news.naver.com/mnews/article/009/0005450744?sid=103,,2025.02.27. 13:13,앞으로 무서운 세상이 올거같아 너무 똑똑해지고 AI도 진화하면..
naver_news,https://n.news.naver.com/mnews/article/009/0005450744?sid=103,,2025.04.22. 23:15,작성자에 의해 삭제된 댓글입니다.
naver_news,https://n.news.naver.com/mnews/article/009/0005450744?sid=103,,2025.02.27. 13:07,이제 털려도 아무렇지않다 노숙자올림
naver_news,https://n.news.naver.com/mnews/article/009/0005450744?sid=103,,2025.02.27. 13:06,여기저기 내정보 다털려서 이제 그러려니 수준ㅋㅋㅋㅋㅋㅋㅋㅋ
naver_news,https://n.news.naver.com/mnews/article/009/0005450744?sid=103,,2025.03.08. 01:01,작성자에 의해 삭제된 댓글입니다.
naver_news,https://n.news.naver.com/mnews/article/009/0005450744?sid=103,,2025.02.27. 12:50,내꺼도 털렸냐????? 문자온게 진짜였군……
naver_news,https://n.news.naver.com/mnews/article/009/0005450744?sid=103,,2025.03.17. 13:31,작성자에 의해 삭제된 댓글입니다.
naver_news,https://n.news.naver.com/mnews/article/009/0005450744?sid=103,,2025.02.27. 12:48,저거 로그인횟수만 5회적용시켰으면 안털리는 수법인데;;; 진짜 보안에 신경1도 안쓰네;;
naver_news,https://n.news.naver.com/mnews/article/009/0005450744?sid=103,,2025.02.27. 12:42,클린봇이 부적절한 표현을 감지한 댓글입니다.
naver_news,https://n.news.naver.com/mnews/article/009/0005450744?sid=103,,2025.02.27. 11:55,다털렸다..시바견...소잃고 외안간 고치러 탈퇴해야겠다...앞으로 GS는 시바견이다..
naver_news,https://n.news.naver.com/mnews/article/009/0005450744?sid=103,,2025.02.27. 11:46,지난 해 '9월'에 유출됐다고 방금 문자 받았어요. ㅡㅡ.... 제 개인적인 정보가 '다른' 웹사이트에서 유출된 걸로 추정된다네요. 이게 무슨....
naver_news,https://n.news.naver.com/mnews/article/009/0005450744?sid=103,,2025.02.27. 11:43,작성자에 의해 삭제된 댓글입니다.
naver_news,https://n.news.naver.com/mnews/article/009/0005450744?sid=103,,2025.02.27. 11:36,클린봇이 부적절한 표현을 감지한 댓글입니다.
naver_news,https://n.news.naver.com/mnews/article/009/0005450744?sid=103,,2025.02.27. 11:18,비번만바꾸라고 문자하면 끝이야?
naver_news,https://n.news.naver.com/mnews/article/009/0005450744?sid=103,,2025.03.26. 13:08,작성자에 의해 삭제된 댓글입니다.
naver_news,https://n.news.naver.com/mnews/article/009/0005450744?sid=103,,2025.02.27. 11:10,얘넨 맨날 이런다 ㅋㅋ
naver_news,https://n.news.naver.com/mnews/article/009/0005450744?sid=103,,2025.02.27. 11:09,아 이게 뭐냐
naver_news,https://n.news.naver.com/mnews/article/009/0005450744?sid=103,,2025.02.27. 11:02,뭐 완투데이도 아니고 대한민국 국민의 개인정보는 공공재 된지 오래지ㅋㅋㅋㅋㅋㅋㅋㅋㅋㅋㅋㅋ 난 문자받고 1차적으로 스미싱 아닌지 의심했고 검색해서 사실인거 알게됐는데 문자발송으로 사과 한 것 만으로도 기특하다ㅋㅋㅋㅋ 솜방망이 처벌이니까 기업들이 관리를 개판으로하지
naver_news,https://n.news.naver.com/mnews/article/009/0005450744?sid=103,,2025.02.27. 18:47,작성자에 의해 삭제된 댓글입니다.
naver_news,https://n.news.naver.com/mnews/article/009/0005450744?sid=103,,2025.02.27. 10:59,뭐 자기들 관리하는 어느 사이트에서 털렸는지도 없이 편의점 쇼핑몰 이래놓으면 영감님들은 그거 찾겠냐? 안내도 없고 공지로 통보하면 끝인줄아나?
naver_news,https://n.news.naver.com/mnews/article/009/0005450744?sid=103,,2025.02.27. 10:51,쫭앙깨 회사나 마찬가지네 GS는
naver_news,https://n.news.naver.com/mnews/article/009/0005450744?sid=103,,2025.02.27. 10:50,사람들 비번다 비슷하게 쓰지않나? 이게 뭐야 다바꿔야돼?짜증나네
naver_news,https://n.news.naver.com/mnews/article/009/0005450744?sid=103,,2025.02.27. 10:48,11월에 해킹당했다고 하는데 이제서야 문자보내주는건 뭔지 짜증
naver_news,https://n.news.naver.com/mnews/article/009/0005450744?sid=103,,2025.02.27. 10:24,11월에 털린걸 지금 말해주면 뭐 어쩌라는건데
naver_news,https://n.news.naver.com/mnews/article/009/0005450744?sid=103,,2025.02.27. 16:55,작성자에 의해 삭제된 댓글입니다.
naver_news,https://n.news.naver.com/mnews/article/009/0005450744?sid=103,,2025.02.27. 10:22,작성자에 의해 삭제된 댓글입니다.
naver_news,https://n.news.naver.com/mnews/article/009/0005450744?sid=103,,2025.02.27. 10:10,클린봇이 부적절한 표현을 감지한 댓글입니다.
naver_news,https://n.news.naver.com/mnews/article/009/0005450744?sid=103,,2025.02.27. 10:07,피해보상 없나요
naver_news,https://n.news.naver.com/mnews/article/009/0005450744?sid=103,,2025.02.27. 11:26,정확히는 타 사이트에서 유출된 정보를 가지고 GS샵에 로그인을 한거임
naver_news,https://n.news.naver.com/mnews/article/009/0005450744?sid=103,,2025.02.27. 10:38,작년 6월에 다 털린걸 이제 통보하네?? 배짱좋다......
naver_news,https://n.news.naver.com/mnews/article/009/0005450744?sid=103,,2025.02.27. 20:13,"GS리테일이 털린게 아니에요. 계정, 패스워드를 외부에서 털린거고 그 계정, 패스워드로 해커들이 접근을 한거죠. GS도 피해본거죠. 아마 말을 안해서 그렇지 다른 기업들도 많이 털렸을거에요. GS는 이제라도 인지하고 밝혔으니 정직한 기업이라고 봅니다."
naver_news,https://n.news.naver.com/mnews/article/214/0001408033?sid=101,,2025.02.27. 11:05,그래서 보상은 무엇인가
naver_news,https://n.news.naver.com/mnews/article/015/0005079791?sid=105,,2025.01.08. 17:40,"민주당이 왜 간첩법 개정을 반대하거나 마약수사 예산을 없앴는 지 암? 간첩이나 마약수사를 하면 할수록 북한이나 중국 공산당의 자금줄에 접근하게 되고, 그렇게 되면 북한중국앞잡이인 민노총이나 민주당도 함께 걸려들 수 있기 때문임ㅋㅋㅋ마약이나 간첩관련 범죄는 좌우의 개념이 아님. 반대하거나 예산을 축소할 이유가 전혀 없음. 그럼에도 나라가 비상사태가 아니란 말인가?"
naver_news,https://n.news.naver.com/mnews/article/015/0005079791?sid=105,,2025.01.08. 17:51,중국 공산당이 해킹해도 우리나라는 민주당만 빤다 지들 눈을 찌르는 줄도 모르고 나라가 중국 속국이 되어 홍콩처럼 되어가는 풍전등화에 무조건 민주당 빠는것들은. 자유대한민국에 살 자격이 없다 자유는 그냥얻어지는것이 아니다... 중국공산당이 물밑으로 언론 장악하고 항상 공작질로 홍콩 다음은 대한민국. 그 다음은 대만.. 이는 미국 안보에도 큰 부담이 된다
naver_news,https://n.news.naver.com/mnews/article/015/0005079791?sid=105,,2025.07.15. 16:31,작성자에 의해 삭제된 댓글입니다.
naver_news,https://n.news.naver.com/mnews/article/015/0005079791?sid=105,,2025.01.08. 17:38,민주당 놈들 때문이야 예산을 줘야 일을하지 지들이 선거용으로 쓸라고 안풀고 있음
naver_news,https://n.news.naver.com/mnews/article/015/0005079791?sid=105,,2025.01.08. 17:43,중국에 나라도 팔아먹는데 해킹은 안하겠냐?
naver_news,https://n.news.naver.com/mnews/article/015/0005079791?sid=105,,2025.01.08. 17:47,"나라를위해 간첩법, 마약수사 빡세게해야 정상인데 오히려 민주당은 반대하거나 예산줄임ㅋㅋㅋㅋㅋ이것만봐도 공산당과 한패아님?"
naver_news,https://n.news.naver.com/mnews/article/015/0005079791?sid=105,,2025.01.08. 23:05,공산당이 공산화하기 딱좋은 대한민국 개판 세상이지! 공산화되서 땅빼앗기고 돈 빼앗기고 모두들 노동자 거지가되서 공산당간부들 치닥거리 해봐야! 깨닫지! 그러나 이미 늦었지!
naver_news,https://n.news.naver.com/mnews/article/015/0005079791?sid=105,,2025.01.08. 17:47,역적 소대가리를 처단하라
naver_news,https://n.news.naver.com/mnews/article/015/0005079791?sid=105,,2025.01.08. 21:40,이러고있는데 허구한날 더부러내란당 하는꼬라지는 오로지 탄핵. 미쳤다
naver_news,https://n.news.naver.com/mnews/article/015/0005079791?sid=105,,2025.01.10. 18:26,작성자에 의해 삭제된 댓글입니다.
naver_news,https://n.news.naver.com/mnews/article/015/0005079791?sid=105,,2025.01.08. 22:56,이게 다 더불어만주쎄쎄당 때문인거 알지 중국넘이 간첩질해도 체포 못하잔어 리죄명 어쩔꺼냐 이거
naver_news,https://n.news.naver.com/mnews/article/015/0005079791?sid=105,,2025.01.08. 21:59,"선관위 서버가 제일 문제일듯, 민주주의의 꽃인 선거가 조작되었을수도있다니 통탄할 일이다."
naver_news,https://n.news.naver.com/mnews/article/015/0005079791?sid=105,,2025.01.08. 18:24,하지만 우리 선관위는 절대절대 안전하답니다. ㅋㅋㅋㅋ
naver_news,https://n.news.naver.com/mnews/article/015/0005079791?sid=105,,2025.01.08. 21:47,윤대통령님 지지합니다
naver_news,https://n.news.naver.com/mnews/article/015/0005079791?sid=105,,2025.01.08. 18:35,다 민주당 덕분입니다.
naver_news,https://n.news.naver.com/mnews/article/015/0005079791?sid=105,,2025.01.08. 23:05,종북좌익들이. 좋아하는. 해킹이네. 인터넷 강국이라고. 난리치면. 뭐하냐. 해킹도. 하나. 막지못하는. 기술력인데. 그러니. 붉은 괴뢰정권. 간첩들이. 날뛰면서. 기술이며. 국가기밀이며. 가상자산등을. 마구. 빼내 가지. 국개. 붉은종북 개떼들은. 괴뢰정권. 추앙한다고. 간첩법 하나도. 수정 못하게. 하고 있으니. 붉은 거머리들이. 득실거리지
naver_news,https://n.news.naver.com/mnews/article/015/0005079791?sid=105,,2025.01.08. 21:54,주사파 더듬당이 민주 라는 단어를 사용한다는 자체가 사기고 위선이고 죄악이지.
naver_news,https://n.news.naver.com/mnews/article/015/0005079791?sid=105,,2025.01.09. 09:31,작성자에 의해 삭제된 댓글입니다.
naver_news,https://n.news.naver.com/mnews/article/015/0005079791?sid=105,,2025.04.22. 19:24,작성자에 의해 삭제된 댓글입니다.
naver_news,https://n.news.naver.com/mnews/article/015/0005079791?sid=105,,2025.01.08. 23:20,지금 한국은 패망직전 남베트남 같다...밖으로는 동네북에다 안으로는 남로당내란중..
naver_news,https://n.news.naver.com/mnews/article/015/0005079791?sid=105,,2025.01.08. 21:05,이게 팩트다 이게 내란이고 대통령이 내란? 예산 깡빼질해서 다 깍고 줄탄핵 국정 마비시켜서 비상계엄 유발해놓고 죄지은 넘들이 찔려서 내란죄 뒤집어 씌우고 경제 말아먹고 북한 중국에 이 나라를 갖다바칠려고
naver_news,https://n.news.naver.com/mnews/article/015/0005079791?sid=105,,2025.01.08. 23:03,선관위나 다른곳은 오죽하겠냐 ㅋㅋㅋㅋㅋ 다털리고 조작하고 난리지
naver_news,https://n.news.naver.com/mnews/article/015/0005079791?sid=105,,2025.01.08. 21:46,민주당이 그렇게 만드는거다
naver_news,https://n.news.naver.com/mnews/article/015/0005079791?sid=105,,2025.01.08. 23:37,"모든 컴퓨터 관련 기술과 설계는 다 USB하나로 북중에 넘기고, 한국은 청결해야된다는 이유로 해킹을 아예 불법화에다 절대 반감하게 만들었음. 고맙습니다 문재앙 전대통령님."
naver_news,https://n.news.naver.com/mnews/article/015/0005079791?sid=105,,2025.01.08. 22:15,행정부가 마비. 거의 무정부수준인데도 쌍특검법에만 집중하는 우리 국개의원들. 답없다 진짜. 대통령도 탄핵하고 국개들도 좀 탄핵하자.
naver_news,https://n.news.naver.com/mnews/article/015/0005079791?sid=105,,2025.01.08. 21:18,뭉죄인이 정으니에게 usb를 넘겨주니까 저리 되는거 당연하지
naver_news,https://n.news.naver.com/mnews/article/015/0005079791?sid=105,,2025.06.16. 19:19,작성자에 의해 삭제된 댓글입니다.
naver_news,https://n.news.naver.com/mnews/article/015/0005079791?sid=105,,2025.01.08. 22:46,"경찰이 자기 할일은 안하고, 민주당과 공수처 꼬붕역할 하느라 바빠요. 이해해주세요."
naver_news,https://n.news.naver.com/mnews/article/015/0005079791?sid=105,,2025.01.08. 23:04,이공계 기피현상이 이미 10년넘게 지속되었고. 우리나라에서 연구 왜하냐. 그냥 사명감에 연구해라 개발자 되어라... 웃기고 있다. 되지고 않는 법안들 만들어대는 국회의원들. 공무원들.. 다 나라 못잡아먹어 안달난 사람들이지
naver_news,https://n.news.naver.com/mnews/article/015/0005079791?sid=105,,2025.01.08. 22:02,이러니 썩어 문드러진 선관위 해킹은 식은 죽 먹기지.
naver_news,https://n.news.naver.com/mnews/article/015/0005079791?sid=105,,2025.01.08. 17:39,지도층들의 계엄과 탄핵놀이에 국민들은 가슴이 먹먹하다.
naver_news,https://n.news.naver.com/mnews/article/015/0005079791?sid=105,,2025.01.08. 19:14,민주당이 전부 탄핵 시켜서 더 대응 안된다 민주당 때문아니냐 ㅋㅋㅋㅋㅋㅋ
naver_news,https://n.news.naver.com/mnews/article/015/0005079791?sid=105,,2025.01.08. 19:03,한국이 방어벽 형성이나 보안 프로그램에 대한 강제성이 없어서 데이타 관리가 부실한 이유는 왜 들지 않고 이게 또 탄핵 탓인가요. 정말 지치네요.
naver_news,https://n.news.naver.com/mnews/article/015/0005079791?sid=105,,2025.03.31. 13:50,작성자에 의해 삭제된 댓글입니다.
naver_news,https://n.news.naver.com/mnews/article/015/0005079791?sid=105,,2025.01.09. 14:40,탄핵여파가 아니라 각 회사별 보안유지는 당연히 회사에서 잘 해야되는거 아님? 해킹피해는 지들이 아니고 고객이 본건데 그렇다고 고객한테 피해보상을 하는 것도 아니고!
naver_news,https://n.news.naver.com/mnews/article/015/0005079791?sid=105,,2025.01.09. 11:31,무뇌재앙님의 깊은 뜻이 결과로 나타나네요 국가 정보기관의 무력화 장군님 만세 무놔재앙 만세
naver_news,https://n.news.naver.com/mnews/article/015/0005079791?sid=105,,2025.06.08. 18:47,작성자에 의해 삭제된 댓글입니다.
naver_news,https://n.news.naver.com/mnews/article/015/0005079791?sid=105,,2025.01.12. 14:19,작성자에 의해 삭제된 댓글입니다.
naver_news,https://n.news.naver.com/mnews/article/015/0005079791?sid=105,,2025.01.08. 23:21,보수가 회복되면 언론사 민노총 민주당 놈들 전부 구속시키고 간첩혐의 적용시켜서 수사해야한다!!
naver_news,https://n.news.naver.com/mnews/article/015/0005079791?sid=105,,2025.01.08. 22:41,뒷돈받고 공인인증서나 아직도 쓰는 미개한 나라가 뭐 희망이있겠냐고
naver_news,https://n.news.naver.com/mnews/article/015/0005079791?sid=105,,2025.01.08. 22:37,국내의 종북좌파와 중국간첩연합의 공격과 국외 북한의 공격..안밖으로 공산좌파가 기승을 부리는군!!
naver_news,https://n.news.naver.com/mnews/article/015/0005079791?sid=105,,2025.01.08. 21:33,선관위 비밀번호가 12345 로 만들어서 개나 소나 뚫을수 있는곳이 한국인데 말다했지
naver_news,https://n.news.naver.com/mnews/article/015/0005079791?sid=105,,2025.01.08. 20:59,허구헛날 정치권은 쌈박질중 경제에는 무관힘하고 오직 권력에만 눈이 멀어 국가는 대세가 기운것 같다. 정치권을 청소해야 나라가 산다. 어찌 할 것인가
naver_news,https://n.news.naver.com/mnews/article/015/0005079791?sid=105,,2025.01.08. 20:56,기업들이 보안에 투자를 안해서 그래요. 고객정보 유출되면 법원에서 소송시 최고형 때려서 고객에게 보상해주게 하면서 문 닫을 정도의 손배 때리면 바로 끝남.
naver_news,https://n.news.naver.com/mnews/article/015/0005079791?sid=105,,2025.01.08. 20:40,더듬어 폐륜범죄 (중공간첩)공산당놈들 때문에
naver_news,https://n.news.naver.com/mnews/article/015/0005079791?sid=105,,2025.01.08. 19:50,공산당 신났네
naver_news,https://n.news.naver.com/mnews/article/015/0005079791?sid=105,,2025.01.08. 19:35,남얘기할께 뭐있나. 선관위부터
naver_news,https://n.news.naver.com/mnews/article/015/0005079791?sid=105,,2025.02.04. 14:08,작성자에 의해 삭제된 댓글입니다.
naver_news,https://n.news.naver.com/mnews/article/015/0005079791?sid=105,,2025.01.09. 11:51,클린봇이 부적절한 표현을 감지한 댓글입니다.
naver_news,https://n.news.naver.com/mnews/article/015/0005079791?sid=105,,2025.01.09. 11:20,이재명과 민주당에서 노리던 결과가 가시화 되어 가고 있다
naver_news,https://n.news.naver.com/mnews/article/015/0005079791?sid=105,,2025.02.25. 16:57,작성자에 의해 삭제된 댓글입니다.
naver_news,https://n.news.naver.com/mnews/article/015/0005079791?sid=105,,2025.01.09. 08:57,클린봇이 부적절한 표현을 감지한 댓글입니다.
naver_news,https://n.news.naver.com/mnews/article/015/0005079791?sid=105,,2025.01.09. 08:31,정치부터 개판이니.. 나라 폭망 징조가 여기저기... 일제 강점기는 입에 거품 넘치는 집단들... 다가올 폭망에 대해서는 남집 불구경인가..
naver_news,https://n.news.naver.com/mnews/article/015/0005079791?sid=105,,2025.01.09. 06:58,계엄후수사가약해진게아니라 검수완박이후다 민주당작품
naver_news,https://n.news.naver.com/mnews/article/015/0005079791?sid=105,,2025.01.09. 00:21,민주당놈들이 중국이랑 북한해커들 들어오라고 문열어주고 수고비까지 챙겨줌
naver_news,https://n.news.naver.com/mnews/article/015/0005079791?sid=105,,2025.01.09. 00:17,민주당이 의심스러움!!
naver_news,https://n.news.naver.com/mnews/article/015/0005079791?sid=105,,2025.01.09. 00:13,최근에 국제문자가 많이옴..ㅡ.ㅡ 이래서군
naver_news,https://n.news.naver.com/mnews/article/015/0005079791?sid=105,,2025.01.09. 00:08,이게 다 문죄인이 작품. 마무리는 리죄명이가 하려다 이꼴났네. 내란수괴들 다 체포해서 광화문에 풀어놔라 국민들이 처단한다!!
naver_news,https://n.news.naver.com/mnews/article/015/0005079791?sid=105,,2025.01.09. 00:07,클린봇이 부적절한 표현을 감지한 댓글입니다.
naver_news,https://n.news.naver.com/mnews/article/015/0005079791?sid=105,,2025.01.09. 00:06,한국이 it 후진국 이라
naver_news,https://n.news.naver.com/mnews/article/015/0005079791?sid=105,,2025.01.09. 10:39,작성자에 의해 삭제된 댓글입니다.
naver_news,https://n.news.naver.com/mnews/article/015/0005079791?sid=105,,2025.01.08. 23:45,작성자에 의해 삭제된 댓글입니다.
naver_news,https://n.news.naver.com/mnews/article/015/0005079791?sid=105,,2025.01.08. 23:44,중국과 북괴짓!
naver_news,https://n.news.naver.com/mnews/article/015/0005079791?sid=105,,2025.01.08. 23:34,정말 만져당 싫다
naver_news,https://n.news.naver.com/mnews/article/015/0005079791?sid=105,,2025.01.08. 23:30,클린봇이 부적절한 표현을 감지한 댓글입니다.
naver_news,https://n.news.naver.com/mnews/article/015/0005079791?sid=105,,2025.01.14. 10:50,작성자에 의해 삭제된 댓글입니다.
naver_news,https://n.news.naver.com/mnews/article/015/0005079791?sid=105,,2025.01.08. 23:13,조선시대 노론 소론 싸우면서 나라가 망해가는 모습.... 왕건이 필요함
naver_news,https://n.news.naver.com/mnews/article/015/0005079791?sid=105,,2025.01.08. 23:12,이런 상황인데 선관위는 한번도 검사도 안받고 감사도 안받고 개trash 부정부패선관위
naver_news,https://n.news.naver.com/mnews/article/015/0005079791?sid=105,,2025.01.08. 23:10,"우려했던 일이 현실로,"
naver_news,https://n.news.naver.com/mnews/article/015/0005079791?sid=105,,2025.01.08. 23:09,GS불매다
naver_news,https://n.news.naver.com/mnews/article/015/0005079791?sid=105,,2025.01.12. 03:32,작성자에 의해 삭제된 댓글입니다.
naver_news,https://n.news.naver.com/mnews/article/015/0005079791?sid=105,,2025.01.08. 22:51,대한민국 망조다
naver_news,https://n.news.naver.com/mnews/article/015/0005079791?sid=105,,2025.01.08. 22:48,클린봇이 부적절한 표현을 감지한 댓글입니다.
naver_news,https://n.news.naver.com/mnews/article/015/0005079791?sid=105,,2025.01.08. 22:35,클린봇이 부적절한 표현을 감지한 댓글입니다.
naver_news,https://n.news.naver.com/mnews/article/015/0005079791?sid=105,,2025.01.08. 22:19,작성자에 의해 삭제된 댓글입니다.
naver_news,https://n.news.naver.com/mnews/article/015/0005079791?sid=105,,2025.01.08. 22:17,이런 나쁜 중국 시ㅋ들.
naver_news,https://n.news.naver.com/mnews/article/015/0005079791?sid=105,,2025.01.08. 22:04,개인정보 해킹당해도 이젠 얘기도 안해주는구나
naver_news,https://n.news.naver.com/mnews/article/015/0005079791?sid=105,,2025.01.08. 21:50,해킹 ㆍ 보이스 피싱 ㆍ 전세사기 이놈들 불태워 다 죽여야됨.
naver_news,https://n.news.naver.com/mnews/article/015/0005079791?sid=105,,2025.04.10. 17:31,작성자에 의해 삭제된 댓글입니다.
naver_news,https://n.news.naver.com/mnews/article/015/0005079791?sid=105,,2025.01.08. 21:46,탄핵정국타고 해킹호구됬다 ???그래
naver_news,https://n.news.naver.com/mnews/article/015/0005079791?sid=105,,2025.01.08. 21:43,털린지 한참 되지 않았냐 의정부 경찰서 사칭하면서 보이스 피싱해온 인간도 내 이름 다 알고 있드라 그게 벌써 10년전이다
naver_news,https://n.news.naver.com/mnews/article/015/0005079791?sid=105,,2025.01.08. 21:43,제일 먼저 조심할국가...중국..북한.인도...가능한 중국놈들은 때려잡아 죽여야한다..일본놈들보다도 더 못된놈들이다..
naver_news,https://n.news.naver.com/mnews/article/015/0005079791?sid=105,,2025.01.08. 21:42,이나라 장.차관들이 성조기 태극기 들고 흔들고 얻은 자리인데 뭘 바라니. 다 내주는게 국민들 투표 민심이다.미군 주둔해 주니 한 10조원 정도 챙겨 주자. 작으면 20조 챙겨 줘도 되고 트럼프 입 째지게. 서울 한복판에서 성조기 많이 사용 했으니 이정도 쯤은 보답해야지. 51번째 주가 되도록 애원 하는것도 괜찮겠네.
naver_news,https://n.news.naver.com/mnews/article/015/0005079791?sid=105,,2025.01.08. 21:41,경주야! 이제 알았니? 선관위 관리부실에 대해 취재해봐라~ 넌 특종기자로 인생풀린다!
naver_news,https://n.news.naver.com/mnews/article/015/0005079791?sid=105,,2025.01.19. 12:02,작성자에 의해 삭제된 댓글입니다.
naver_news,https://n.news.naver.com/mnews/article/015/0005079791?sid=105,,2025.01.08. 21:34,클린봇이 부적절한 표현을 감지한 댓글입니다.
naver_news,https://n.news.naver.com/mnews/article/015/0005079791?sid=105,,2025.01.08. 21:32,윤석열 아! 열받아 미치겠네. 화병 나겠어 최상목 이자도 방관하고 있으니 나라는 개망난이 되었고 에휴~ 한숨만 나온다.
naver_news,https://n.news.naver.com/mnews/article/015/0005079791?sid=105,,2025.01.08. 22:08,작성자에 의해 삭제된 댓글입니다.
naver_news,https://n.news.naver.com/mnews/article/015/0005079791?sid=105,,2025.01.08. 20:37,떠블당 국개들 제대로 털어봐바 죽자고 강화된 법안 만들어주겠지.
naver_news,https://n.news.naver.com/mnews/article/015/0005079791?sid=105,,2025.02.24. 21:06,작성자에 의해 삭제된 댓글입니다.
naver_news,https://n.news.naver.com/mnews/article/015/0005079791?sid=105,,2025.01.08. 20:34,클린봇이 부적절한 표현을 감지한 댓글입니다.
naver_news,https://n.news.naver.com/mnews/article/015/0005079791?sid=105,,2025.01.08. 20:33,클린봇이 부적절한 표현을 감지한 댓글입니다.
naver_news,https://n.news.naver.com/mnews/article/015/0005079791?sid=105,,2025.01.08. 20:32,IT강국 좋아하시네...
naver_news,https://n.news.naver.com/mnews/article/015/0005079791?sid=105,,2025.01.08. 20:27,하하.. IT강국이라며.. 그깟 해킹도 못막는 주제에.. 이게 다 우물안 개구리들이라 그런걸 쪽팔린다. 어디가서 디지털강국이니 IT 강국이니 헛소리 하지마라.. 그러니까 원천 해킹방지 빽도어 코당도 중국 심지어 북한 해커조직에도 무참하게 뚫리는거야. 청량리 588 미아리텍사스 천호동 평택 파주 인천 동두천 뻥뻥 뚫린 것처럼..
naver_news,https://n.news.naver.com/mnews/article/015/0005079791?sid=105,,2025.01.08. 20:22,털릴게 아직 남아있다는게 놀랍네
naver_news,https://n.news.naver.com/mnews/article/015/0005079791?sid=105,,2025.01.14. 01:31,작성자에 의해 삭제된 댓글입니다.
naver_news,https://n.news.naver.com/mnews/article/015/0005079791?sid=105,,2025.01.08. 20:14,편리하다고 스마트 OTP쓰다가 인생 망한 인간들 한둘이 아니지.
naver_news,https://n.news.naver.com/mnews/article/015/0005079791?sid=105,,2025.01.08. 20:08,저곳들과 선관위 중에 보안점수 어디가 더 낮을까요??
naver_news,https://n.news.naver.com/mnews/article/015/0005079791?sid=105,,2025.01.09. 05:32,작성자에 의해 삭제된 댓글입니다.
naver_news,https://n.news.naver.com/mnews/article/015/0005079791?sid=105,,2025.01.08. 19:33,클린봇이 부적절한 표현을 감지한 댓글입니다.
naver_news,https://n.news.naver.com/mnews/article/015/0005079791?sid=105,,2025.01.08. 19:30,클린봇이 부적절한 표현을 감지한 댓글입니다.
naver_news,https://n.news.naver.com/mnews/article/015/0005079791?sid=105,,2025.01.08. 19:28,보상 원함.....개인당....300만원....
naver_news,https://n.news.naver.com/mnews/article/015/0005079791?sid=105,,2025.01.08. 19:24,선관위한테 해킹당하지 않는법을 왜 배우지않는거니? 그들이 혹시 중국인이라 말 안통하니?
naver_news,https://n.news.naver.com/mnews/article/015/0005079791?sid=105,,2025.01.08. 19:17,클린봇이 부적절한 표현을 감지한 댓글입니다.
naver_news,https://n.news.naver.com/mnews/article/015/0005079791?sid=105,,2025.01.08. 19:04,클린봇이 부적절한 표현을 감지한 댓글입니다.
naver_news,https://n.news.naver.com/mnews/article/015/0005079791?sid=105,,2025.01.08. 19:03,클린봇이 부적절한 표현을 감지한 댓글입니다.
naver_news,https://n.news.naver.com/mnews/article/015/0005079791?sid=105,,2025.01.08. 19:03,윗 자리에 다 머리 빈 아는 거 없는 인간들이 올라가다 보니 사이버보안이 얼마나 중요한 지를 모르는 거지. 한심해. 너무나.
naver_news,https://n.news.naver.com/mnews/article/015/0005079791?sid=105,,2025.01.08. 19:32,작성자에 의해 삭제된 댓글입니다.
naver_news,https://n.news.naver.com/mnews/article/015/0005079791?sid=105,,2025.01.08. 18:59,윤두창이 또 ㅉㅉ
naver_news,https://n.news.naver.com/mnews/article/015/0005079791?sid=105,,2025.01.08. 18:59,어차피 카카오 쓴 사람들 중공에 다 갔을건데....
naver_news,https://n.news.naver.com/mnews/article/015/0005079791?sid=105,,2025.01.08. 18:52,호구한국.... 어쩌다.... 에휴...
naver_news,https://n.news.naver.com/mnews/article/015/0005079791?sid=105,,2025.01.08. 19:32,작성자에 의해 삭제된 댓글입니다.
naver_news,https://n.news.naver.com/mnews/article/015/0005079791?sid=105,,2025.01.08. 18:34,작성자에 의해 삭제된 댓글입니다.
naver_news,https://n.news.naver.com/mnews/article/015/0005079791?sid=105,,2025.01.08. 18:21,이것도 민주당?
naver_news,https://n.news.naver.com/mnews/article/015/0005079791?sid=105,,2025.01.08. 18:18,클린봇이 부적절한 표현을 감지한 댓글입니다.
naver_news,https://n.news.naver.com/mnews/article/015/0005079791?sid=105,,2025.01.08. 18:02,선관위 해킹조심
naver_news,https://n.news.naver.com/mnews/article/015/0005079791?sid=105,,2025.01.08. 17:59,통신사 은행 어디서나 국민정보 하늘에딱지같이다팔아먹는다 해킹당할질이지
naver_news,https://n.news.naver.com/mnews/article/015/0005079791?sid=105,,2025.01.10. 10:01,작성자에 의해 삭제된 댓글입니다.
naver_news,https://n.news.naver.com/mnews/article/015/0005079791?sid=105,,2025.04.24. 10:42,작성자에 의해 삭제된 댓글입니다.
naver_news,https://n.news.naver.com/mnews/article/015/0005079791?sid=105,,2025.01.08. 17:44,서결이 이년반동안 한게 뭐냐? 술 퍼마시고 마누라만 챙겼나?
naver_news,https://n.news.naver.com/mnews/article/015/0005079791?sid=105,,2025.01.08. 18:43,술쳐드신다고 보안 이런거 신경 안써요.계엄하기 바빠요.
naver_news,https://n.news.naver.com/mnews/article/015/0005079791?sid=105,,2025.01.08. 17:39,윤거니가 국제적호구로 만드는구나
naver_news,https://n.news.naver.com/mnews/article/015/0005079791?sid=105,,2025.01.13. 15:33,작성자에 의해 삭제된 댓글입니다.
naver_news,https://n.news.naver.com/mnews/article/015/0005079791?sid=105,,2025.01.08. 21:30,윤쌍열땜문에 호구됐지 !!!
naver_news,https://n.news.naver.com/mnews/article/015/0005079791?sid=105,,2025.01.08. 20:37,작성자에 의해 삭제된 댓글입니다.
naver_news,https://n.news.naver.com/mnews/article/015/0005079791?sid=105,,2025.01.08. 22:54,개엄의 폐해가 곳곳에서 나타나는구만 내란범들 모조리 쓸어담아 태평양 한가운데 던지고싶다
naver_news,https://n.news.naver.com/mnews/article/015/0005079791?sid=105,,2025.01.08. 21:16,작성자에 의해 삭제된 댓글입니다.
naver_news,https://n.news.naver.com/mnews/article/015/0005079791?sid=105,,2025.01.09. 06:23,작성자에 의해 삭제된 댓글입니다.
naver_news,https://n.news.naver.com/mnews/article/015/0005079791?sid=105,,2025.01.08. 19:44,"윤석열이 IT관련예산 다 줄였거나 없앴지, 이게 다 2찍들 때문이다"
naver_news,https://n.news.naver.com/mnews/article/015/0005079791?sid=105,,2025.01.08. 17:37,대통령하나 잘못 뽑아서 나라가 송두리째 날아가는구나
naver_news,https://n.news.naver.com/mnews/article/469/0000851206?sid=102,,2025.03.26. 11:20,어쩐지 스팸문자가 많아지는거 같더니만
naver_news,https://n.news.naver.com/mnews/article/469/0000851206?sid=102,,2025.02.27. 19:21,이런것도 그냥 무덤덤해지게 만들어버리네. 택배박스에 스티커 열심히 떼면 뭐하냐. 이미 내 정보는 팔려나가는데.
naver_news,https://n.news.naver.com/mnews/article/469/0000851206?sid=102,,2025.02.27. 19:10,lg는 5G도 중국제로 간거부터 친중기업 인정이지
naver_news,https://n.news.naver.com/mnews/article/469/0000851206?sid=102,,2025.02.27. 17:05,친중기업? ㄷㄷ
naver_news,https://n.news.naver.com/mnews/article/469/0000851206?sid=102,,2025.02.27. 16:51,클린봇이 부적절한 표현을 감지한 댓글입니다.
naver_news,https://n.news.naver.com/mnews/article/469/0000851206?sid=102,,2025.02.27. 16:49,아 이것들 앱을 폭파시킨이유가있었고만? 그래놓고 니 개인정보는 잘쓰고있더 며칠전에 카톡 알림존나보내더만
naver_news,https://n.news.naver.com/mnews/article/469/0000851206?sid=102,,2025.02.27. 16:20,선관위라고 보안이 더 특별하다고 생각하는 사람 있나?
naver_news,https://n.news.naver.com/mnews/article/469/0000851206?sid=102,,2025.02.27. 16:08,중국해킹 ㅋㅋㅋ 돈받고 서버 열어줬노 ㅋㅋㅋㅋㅋ 이맛헬 진짜 바퀴 춘장 화교 조선족 장깨들은 다 믹서기로 갈아야함
naver_news,https://n.news.naver.com/mnews/article/469/0000851206?sid=102,,2025.02.27. 15:59,책임을 져야지 책임을. 법이 개떡같으니까 반복되는겨.
naver_news,https://n.news.naver.com/mnews/article/469/0000851206?sid=102,,2025.02.27. 15:57,딥시크는 개인정보유출 위험하다고 정지시키더니 이것도 심각한데 겨우 사과문 공지가 땡? 후진국스럽다~
naver_news,https://n.news.naver.com/mnews/article/469/0000851206?sid=102,,2025.02.27. 15:52,중국에 팔아놓고 개소리 시전
naver_news,https://n.news.naver.com/mnews/article/469/0000851206?sid=102,,2025.02.27. 18:08,작성자에 의해 삭제된 댓글입니다.
naver_news,https://n.news.naver.com/mnews/article/469/0000851206?sid=102,,2025.02.27. 14:46,해킹은 맞아요?
naver_news,https://n.news.naver.com/mnews/article/005/0001750009?sid=101,,2025.01.06. 19:03,작성자에 의해 삭제된 댓글입니다.
naver_news,https://n.news.naver.com/mnews/article/005/0001750009?sid=101,,2025.01.07. 09:21,작성자에 의해 삭제된 댓글입니다.
naver_news,https://n.news.naver.com/mnews/article/005/0001750009?sid=101,,2025.01.06. 14:34,일반 중국보이스피싱 해커들도 국내 굴지의 기업해킹하는데.. 중국북한 정부부처급 해커들이 선관위 해킹 못 하겠냐? 선관위 보안실무자 1명에 외부업체는 1곳 서버는 원래 화웨이였고..
naver_news,https://n.news.naver.com/mnews/article/005/0001750009?sid=101,,2025.01.06. 15:57,문자받아서 전화했는데 이미 털려서 어쩔수없다 ~ 우리는 그래서 방어조치는 할만큼했다~ 고갱님~ 사과부터 해야지………… 상담원아 너네 잘못은 아닌데 그래도 태도부터 바꿔라 …
naver_news,https://n.news.naver.com/mnews/article/005/0001750009?sid=101,,2025.01.06. 14:24,선관위는 무사합니까?
naver_news,https://n.news.naver.com/mnews/article/005/0001750009?sid=101,,2025.01.06. 15:03,여기서도 선관위 타령이네 ㅋㅋㄱㅋ
naver_news,https://n.news.naver.com/mnews/article/005/0001750009?sid=101,,2025.01.06. 19:44,개인정보를 털려도 기업이 별 타격이 없으니까 제대로 방어를 안하지. 한국은 망하는게 맞다
naver_news,https://n.news.naver.com/mnews/article/005/0001750009?sid=101,,2025.01.06. 15:51,내가 gs회원이어서 기사보고 홈페이지 gs25 gs홈쇼핑 다 들어가봐도 그 흔히 공지 팜업하나 안나오네????
naver_news,https://n.news.naver.com/mnews/article/005/0001750009?sid=101,,2025.01.06. 17:28,작성자에 의해 삭제된 댓글입니다.
naver_news,https://n.news.naver.com/mnews/article/005/0001750009?sid=101,,2025.01.12. 11:35,작성자에 의해 삭제된 댓글입니다.
naver_news,https://n.news.naver.com/mnews/article/005/0001750009?sid=101,,2025.01.07. 16:40,작성자에 의해 삭제된 댓글입니다.
naver_news,https://n.news.naver.com/mnews/article/005/0001750009?sid=101,,2025.01.06. 16:47,뭐 이미 팔린거 에휴
naver_news,https://n.news.naver.com/mnews/article/005/0001750009?sid=101,,2025.04.17. 22:55,작성자에 의해 삭제된 댓글입니다.
naver_news,https://n.news.naver.com/mnews/article/005/0001750009?sid=101,,2025.01.06. 15:57,작성자에 의해 삭제된 댓글입니다.
naver_news,https://n.news.naver.com/mnews/article/005/0001750009?sid=101,,2025.01.06. 14:43,어쩐지 오늘 gs리테일에서 메세지가 오더라
naver_news,https://n.news.naver.com/mnews/article/005/0001750009?sid=101,,2025.01.06. 14:33,인공위성으로 뇌에 음파레이져 쏴서 도청 하는 방법과 아예 인터넷 망을 도청 하는 방법 둘 중에 어떤 방법인지를 정확하게 적으셔야지요..... 그래야 문제가 안 생기죠 법적으로도... 다목적 위성이면 어떤 목적으로 사용하는 인공위성 유주 발사체인지 알려 주셔야지요... 거짓 및 허위 보도인데 언론사가 망하지 않는 게 이상하네요.... 이제 가스라이팅 같은 용어는 통하지 않죠....
naver_news,https://n.news.naver.com/mnews/article/030/0003290567?sid=105,,2025.03.06. 17:29,은행거래하고 있는 한국인의 전화번호와 이름.주민번호는 이미 다 털렸다고 보면 됨..보이스 피싱 전화 안받아 본 사람 있나요.
naver_news,https://n.news.naver.com/mnews/article/030/0003290567?sid=105,,2025.03.06. 16:55,개인정보뿐이랴. 반도체기술부터 나라의 가장 안전한 보안이 되어야 할곳이 곳곳이 다 털림.
naver_news,https://n.news.naver.com/mnews/article/030/0003290567?sid=105,,2025.03.28. 17:01,작성자에 의해 삭제된 댓글입니다.
naver_news,https://n.news.naver.com/mnews/article/030/0003290567?sid=105,,2025.03.07. 09:05,선관위 시스템도 털린거 아닐까??!!
naver_news,https://n.news.naver.com/mnews/article/030/0003290567?sid=105,,2025.06.04. 23:56,작성자에 의해 삭제된 댓글입니다.
naver_news,https://n.news.naver.com/mnews/article/030/0003290567?sid=105,,2025.03.09. 20:42,"10년전에 다크웹했었는데 그 때도 생전 처음 만드는 아이디, 패스워드에 개인 와이파이 써야했었지 ㅋㅋ 거래대금은 다들 비트로 받았는데 지금은 일확천금 부자들 되셨겠네"
naver_news,https://n.news.naver.com/mnews/article/030/0003273726?sid=101,,2025.02.07. 13:36,싸이버원 주식평단 8천원대 지금 몇토막이냐???이런 호재 나오면 뭐해??? 맨날 떡락하거나 찔끔올랐다 다시 쭉빼면서 주가관리도 못하면서 상장되어 있는 똥주식 에휴...몇년을 물려있는거냐??? 내돈 돌려 놔라~
naver_news,https://n.news.naver.com/mnews/article/030/0003273726?sid=101,,2025.02.07. 13:36,작성자에 의해 삭제된 댓글입니다.
naver_news,https://n.news.naver.com/mnews/article/092/0002368424?sid=105,,2025.03.27. 23:12,중국산 부품 안쓰게 청원부탁드려요 ㅠㅠ https://petitions.assembly.go.kr/proceed/onGoingAll/2C6CE84654384A50E064B49691C1987F
naver_news,https://n.news.naver.com/mnews/article/366/0001062778?sid=101,,2025.03.22. 07:21,모든 전가기기 중국산 사용 금지 법령을 내려야한다
naver_news,https://n.news.naver.com/mnews/article/366/0001062778?sid=101,,2025.03.22. 07:06,중국산드론 사용금지를 강제 해 주세요.
naver_news,https://n.news.naver.com/mnews/article/366/0001062778?sid=101,,2025.03.22. 09:00,중국산 드론 사용 금지법은 만들지 않고 줄탄핵이나 해대는 민주당애들 집 위에 중국산 드론 띄우면 되겠네.
naver_news,https://n.news.naver.com/mnews/article/366/0001062778?sid=101,,2025.03.22. 08:10,전쟁시 필요한 인재들
naver_news,https://n.news.naver.com/mnews/article/366/0001062778?sid=101,,2025.03.22. 23:34,작성자에 의해 삭제된 댓글입니다.
naver_news,https://n.news.naver.com/mnews/article/366/0001062778?sid=101,,2025.03.22. 07:49,전국에. 민간. 드론부대도. 만들어. 전술. 훈련도. 시켜라.
naver_news,https://n.news.naver.com/mnews/article/366/0001062778?sid=101,,2025.03.24. 09:56,작성자에 의해 삭제된 댓글입니다.
naver_news,https://n.news.naver.com/mnews/article/366/0001062778?sid=101,,2025.03.22. 11:54,"중국산 100%고, 솔직히 저거 조금만 연습하면 농약뿌리고 하는건 금방이다...뭔 자격증까지 필요할까"
naver_news,https://n.news.naver.com/mnews/article/366/0001062778?sid=101,,2025.03.22. 11:23,"1~3종은 반드시 교육비 내고 교육을 받아야 시험을 치를 수 있게 되어 있는데 그 교육비가 수백이다. 내가 4종을 취득하던 4년 전에 1종이 400만원인가 했었다. 1종 따려다 너무 비싸서 어차피 농약 뿌릴 일도 없고 취미로 하는 것이니 그냥 4종으로 만족했다. 교육비가 그렇게까지 비쌀 이유가 있을까? 드론 자격증을 접근이 쉽게 해서 자동차 면허처럼 전국민이 드론을 날릴 줄 알도록 만드는 건 어떨까? 우러전에서 보듯 현대전은 드론전인데, 전시에 누구든 가용병력이 될 수 있으면 좋지 않을까? 비행 허가 문제는 차후 문제다."
naver_news,https://n.news.naver.com/mnews/article/366/0001062778?sid=101,,2025.03.22. 09:59,전시에 공격 드론 조종하면 대박 김정은이 겁먹겠다.
naver_news,https://n.news.naver.com/mnews/article/366/0001062778?sid=101,,2025.03.22. 09:37,정보 다 넘어가겠네 ㅋㅋ
naver_news,https://n.news.naver.com/mnews/article/366/0001062778?sid=101,,2025.03.22. 07:44,무쓸모 유튜버나 하면 모를까
naver_news,https://n.news.naver.com/mnews/article/366/0001062778?sid=101,,2025.03.22. 11:34,60만 드론병이 이미 양성되어있네… 여자들도 TOD병이나 드론병은 할 수 있을거 같은데 병역부담완화를 위해 물리적인 힘이 필요하지않은 분야부터 주어야겠다 독박육아도 나누고 독박병역도 나누어야 가정도 국가도 발전하지 않겠나?
naver_news,https://n.news.naver.com/mnews/article/366/0001062778?sid=101,,2025.03.22. 11:08,전시에 드론부대 62만명이네
naver_news,https://n.news.naver.com/mnews/article/366/0001062778?sid=101,,2025.03.22. 10:12,60만 드론 운용 병사가 양성되었네
naver_news,https://n.news.naver.com/mnews/article/022/0004014840?sid=101,,2025.02.28. 02:06,그냥 사과한마디면 끝? 참. 쉬워
naver_news,https://n.news.naver.com/mnews/article/022/0004014840?sid=101,,2025.02.28. 02:56,어쩐지 갑자기 타지역 거주하시는 친정엄마 이름 얘기하면서 카드 배송하려고 하는데 라는 보이스피싱이 오더라니....
naver_news,https://n.news.naver.com/mnews/article/092/0002364779?sid=105,,2025.02.27. 12:39,작성자에 의해 삭제된 댓글입니다.
naver_news,https://n.news.naver.com/mnews/article/092/0002364779?sid=105,,2025.02.27. 11:28,기업이 정보유출된 피해자들에게 배상하라고. 이렇게 유야무야 넘어가니 계속 이런일이 반복되는거다. 기업이 손실입으면 개인정보 유출에 이렇게 넘어가겠냐고.
naver_news,https://n.news.naver.com/mnews/article/092/0002364779?sid=105,,2025.02.27. 11:15,개인정보가 유출됐으면 책임을 져야지 뭘 이제와서 잘 하겠다는거임?
naver_news,https://n.news.naver.com/mnews/article/092/0002364779?sid=105,,2025.02.27. 11:38,어쩐지 주식 리딩 문자 오지게 오드라
naver_news,https://n.news.naver.com/mnews/article/092/0002364779?sid=105,,2025.02.27. 11:10,아침에 문자 받고 탈퇴하였다
naver_news,https://n.news.naver.com/mnews/article/374/0000427427?sid=101,,2025.02.27. 10:42,거래처에 갑질만 잘하는 회사
naver_news,https://n.news.naver.com/mnews/article/374/0000427427?sid=101,,2025.02.27. 10:39,피해보상은 얘기는 없네.
naver_news,https://n.news.naver.com/mnews/article/028/0002733169?sid=101,,2025.02.27. 11:33,사과하구 끝?참 편하게 산다.미국처럼 징벌적손해배상 때려야지
naver_news,https://n.news.naver.com/mnews/article/028/0002733169?sid=101,,2025.02.27. 11:36,안내면 하면 끝이냐
naver_news,https://n.news.naver.com/mnews/article/028/0002733169?sid=101,,2025.02.27. 11:47,걱정입니다
naver_news,https://n.news.naver.com/mnews/article/028/0002733169?sid=101,,2025.03.06. 15:39,"저렇게 문자보내고 아무런 사과도 없고 피해보상도 제로, 안일한 대처의 지에스모습인가?"
naver_news,https://n.news.naver.com/mnews/article/028/0002733169?sid=101,,2025.02.28. 11:51,소비자피해는 어쩌라구 사과로 끝나
naver_news,https://n.news.naver.com/mnews/article/031/0000914038?sid=105,,2025.03.07. 17:04,크리덴셜 스터핑 맞나? 진심??
naver_news,https://n.news.naver.com/mnews/article/138/0002192965?sid=105,,2025.03.20. 08:29,원가절감하고 안경잽이 재무쟁이들 많아진 뒤로 후퇴중ㅋㅋ
naver_news,https://n.news.naver.com/mnews/article/138/0002192965?sid=105,,2025.03.26. 08:59,"삼성 반도체가 살 길!! TSMC가 하루아침에 지진이나 전쟁으로 사라지고… 하이닉스가 화재가 나거나 폭발이 되야… 둘다 사라져야 그나마 삼성이 다시 1위로 올라올 가능성이 생기지, 자체 힘으론 TSMC, 하이닉스 절대 못넘어섬… 기술 격차가 상당하다."
naver_news,https://n.news.naver.com/mnews/article/138/0002192965?sid=105,,2025.03.20. 08:23,1년에 한번만 고개숙이면되는데 뭘 ㅎㅎㅎ
naver_news,https://n.news.naver.com/mnews/article/138/0002192965?sid=105,,2025.03.19. 20:47,분발하겠다가 아니라 투자하겠다겠지
naver_news,https://n.news.naver.com/mnews/article/138/0002192965?sid=105,,2025.03.20. 15:28,삼성그럴거없다..좌파정권..문제앙이가.총수구속하고.강성노조만들고.낙하산..기술유출.간첩법.반대하고...좌파정권잡으면.나라망한다...1찍.개.돼지들..
naver_news,https://n.news.naver.com/mnews/article/277/0005547340?sid=110,,2025.02.22. 08:53,고급주택이고 나발이고 간에 우리나라 세금체계 뜯어고쳐야 한다.. 집과 차량에 부과되는 재산세 이런건 없애고 지방세로 전환해야 한다.. 도로 정비가 잘 되어있고 각종 교육 교통 의료 문화 예술 혜택을 받는 서울에 사는 사람은 지방세를 많이 내야하고 아무런 혜택도 없이 깡촌에 사는 사람은 지방세를 거의 안내야하고.. 그래야 형평에 맞고 국토가 균형발전 될수있다
naver_news,https://n.news.naver.com/mnews/article/277/0005547340?sid=110,,2025.02.17. 15:43,"조세심판원에 불복 심판을 제기했다. 그런데 심판원이 시행사의 손을 들어줬고, ㅡ법상 공영공간인 주차장이나 창고를 쪼갠 뒤 차단문까지 설치해 개별 가구만 이용할 수 있게 한 것은 사실상 전용면적을 제공한 것이라 봤다. 그러나 심판원은 이마저도 법령상 공용면적에 대한 별도의 정의가 없고, 공부상 주차장이나 창고는 공용면적이라는 점에서 취득세 중과를 취소 결정했다. ㅡ 세금으로 운영되는 조세심판원이 문제네"
naver_news,https://n.news.naver.com/mnews/article/421/0008155170?sid=101,,2025.03.26. 20:23,"이러니 유뱅, 더존 포기한거지.. ㅋ"
naver_news,https://n.news.naver.com/mnews/article/025/0003412891?sid=102,,2025.01.06. 15:36:27,LG유플러스가 짱궤 화웨이 통신 장비 쓸때부터 알아봤다^^
naver_news,https://n.news.naver.com/mnews/article/119/0002927814?sid=101,,2025.02.27. 10:24,보상해줘야지 피해봤는데
naver_news,https://n.news.naver.com/mnews/article/119/0002927814?sid=101,,2025.02.27. 11:15,장궤기업..
naver_news,https://n.news.naver.com/mnews/article/119/0002927814?sid=101,,2025.02.27. 10:58,작성자에 의해 삭제된 댓글입니다.
naver_news,https://n.news.naver.com/mnews/article/082/0001313814?sid=102,,2025.02.27. 17:58,5개월 지나서 죄송하다고 문자 보내고 끝???? 지금 장난하냐???? 유출된 정보에 대한 책임은 어떻게 지실겁니까????
naver_news,https://n.news.naver.com/mnews/article/082/0001313814?sid=102,,2025.02.27. 19:11,고객 개인정보 유출 이제는 무조건 변상해야 한다. 1인 50만원
naver_news,https://n.news.naver.com/mnews/article/082/0001313814?sid=102,,2025.03.06. 09:38,작성자에 의해 삭제된 댓글입니다.
naver_news,https://n.news.naver.com/mnews/article/082/0001313814?sid=102,,2025.02.27. 19:46,여기나 저기나 이런기사 한두번 보는것두 아니구 별신경안쓴다. 여기서 안털렷어도 이미 내정보는 탈탈 털려있을듯. 알아서들 보안강화하고 얼마동안은 안전하겠지 그러다 항상 안전한 세상이 올수도있고 안올수도있고
naver_news,https://n.news.naver.com/mnews/article/082/0001313814?sid=102,,2025.02.27. 19:16,책임이라는 단어는 모르시나봅니다
naver_news,https://n.news.naver.com/mnews/article/082/0001313814?sid=102,,2025.02.27. 20:21,가짜신분증만들어서 사전투표 한다는게 저런걸로 하나보네..
naver_news,https://n.news.naver.com/mnews/article/092/0002358741?sid=105,,2025.01.06. 16:59,털렸다고 문자 받은 1인입니다.이거 피해보상 해줘야하는거 아닌가요? 피해가 있어야 보상한다는 문구가 문자에 있던데. 해킹된자체가 피해아닌가요?
naver_news,https://n.news.naver.com/mnews/article/092/0002358741?sid=105,,2025.06.03. 00:23,작성자에 의해 삭제된 댓글입니다.
naver_news,https://n.news.naver.com/mnews/article/092/0002358741?sid=105,,2025.01.06. 16:27,본인들이 해킹당하고 고객은 일부로 비번 바꿔야하고...뭐지??? 또 별 이상한 전화 많이 오겠구나~
naver_news,https://n.news.naver.com/mnews/article/092/0002358741?sid=105,,2025.01.06. 21:49,보안장비 투자좀 하지..
naver_news,https://n.news.naver.com/mnews/article/092/0002358741?sid=105,,2025.01.06. 19:17,캬..이맛에 산다^ ^뭐 어짜피 공공재 아닌가? 미국였음 천문학적인 배상금 이지만...헬조선은 ㅋㅋ
naver_news,https://n.news.naver.com/mnews/article/092/0002358741?sid=105,,2025.01.07. 02:55,보안회사에 투자좀해라 징글징글하네
naver_news,https://n.news.naver.com/mnews/article/092/0002358741?sid=105,,2025.01.07. 21:38,작성자에 의해 삭제된 댓글입니다.
naver_news,https://n.news.naver.com/mnews/article/092/0002358741?sid=105,,2025.01.31. 12:57,What ?? 문자나 카톡 보내라. 반성문 잘써라
naver_news,https://n.news.naver.com/mnews/article/092/0002358741?sid=105,,2025.01.07. 10:38,"비번바꾸러들어갔는데, 점검중이라고 못하게해놨는데?"
naver_news,https://n.news.naver.com/mnews/article/092/0002358741?sid=105,,2025.01.07. 09:47,북한 소행
naver_news,https://n.news.naver.com/mnews/article/092/0002358741?sid=105,,2025.01.07. 09:30,...소송가즈앗...
naver_news,https://n.news.naver.com/mnews/article/092/0002358741?sid=105,,2025.01.07. 09:09,어차피 우리 나라 개인정보는 중국에서 다 갖고 있는데 뭐 개인정보 털려봐야 달라질거 없다. 좌파 간첩들이 넘긴지 오래임.
naver_news,https://n.news.naver.com/mnews/article/092/0002358741?sid=105,,2025.01.07. 08:37,샤오미 화웨이 알리 태무 써서 털리는 개인정보보다... 국내 기업 기관들에게서 털리는 개인정보가 더 많을 거 같다.. 그게 뭐 결국 중국으로 갈 거 같다만... 내 정보도 이미 털렸을거고 ㅎㅎ
naver_news,https://n.news.naver.com/mnews/article/092/0002358741?sid=105,,2025.04.22. 06:22,작성자에 의해 삭제된 댓글입니다.
naver_news,https://n.news.naver.com/mnews/article/092/0002358741?sid=105,,2025.01.07. 07:59,어그로만 겁나 끌더니 ㅋㅋ꼴좋다
naver_news,https://n.news.naver.com/mnews/article/092/0002358741?sid=105,,2025.01.07. 05:36,롯데 망조가 들었네 역시
naver_news,https://n.news.naver.com/mnews/article/092/0002358741?sid=105,,2025.01.07. 03:42,난 문자 안왔는뎅
naver_news,https://n.news.naver.com/mnews/article/092/0002358741?sid=105,,2025.01.07. 01:18,포인트탈취?내신상정보가탈취됐는데.포인트가문제야?내신상이포인트얼마에넘겨도되는건데?
naver_news,https://n.news.naver.com/mnews/article/092/0002358741?sid=105,,2025.01.07. 00:34,이미 개인정보 다 해킹당했는데.. 포인트 안털려서 다행이라니요.. ㅠㅠ 하.. 맙소사
naver_news,https://n.news.naver.com/mnews/article/092/0002358741?sid=105,,2025.01.07. 00:01,고객 개인정보 털린와중에... 포인트 안털려서 다행이라는 ... GS25...어이없네..
naver_news,https://n.news.naver.com/mnews/article/092/0002358741?sid=105,,2025.01.06. 23:07,클린봇이 부적절한 표현을 감지한 댓글입니다.
naver_news,https://n.news.naver.com/mnews/article/092/0002358741?sid=105,,2025.01.06. 23:05,허. 참. 크리스마스 전날에 가입했는데... 썩을...
naver_news,https://n.news.naver.com/mnews/article/092/0002358741?sid=105,,2025.01.07. 11:03,작성자에 의해 삭제된 댓글입니다.
naver_news,https://n.news.naver.com/mnews/article/092/0002358741?sid=105,,2025.01.08. 09:59,작성자에 의해 삭제된 댓글입니다.
naver_news,https://n.news.naver.com/mnews/article/092/0002358741?sid=105,,2025.05.13. 15:41,작성자에 의해 삭제된 댓글입니다.
naver_news,https://n.news.naver.com/mnews/article/092/0002358741?sid=105,,2025.01.06. 17:03,내가 여기서 무얼 하겠다 하는 직원 하나 없이 급여 주니까 개꿀하는 이런애들만 모인듯
naver_news,https://n.news.naver.com/mnews/article/092/0002358741?sid=105,,2025.01.06. 17:01,우리동네 얘기하는 건가?
naver_news,https://n.news.naver.com/mnews/article/030/0003273963?sid=101,,2025.01.30. 14:30,Gs25. 역시 bye.
naver_news,https://n.news.naver.com/mnews/article/003/0013000535?sid=101,,2025.01.06. 16:52,어이없네... 해킹된 계정 본인 통보하고 보상해야지... 해킹 됐으니... 고객이 알아서 비번 바꾸고 주의하라는게 말이야 방구야. 2차 피해 발생하면 니네가 책임짐?. 3류 기업이네.
naver_news,https://n.news.naver.com/mnews/article/003/0013000535?sid=101,,2025.01.06. 18:40,지금 저도 유출되었다고 문자받고 어이없음 주소고 전화번호고 너무 많이 유출 되었던데
naver_news,https://n.news.naver.com/mnews/article/003/0013000535?sid=101,,2025.01.06. 19:36,지에스샵 / 지에스홈쇼핑 / 지에스편의점 / 지에스슈퍼 쓰지마라
naver_news,https://n.news.naver.com/mnews/article/003/0013000535?sid=101,,2025.01.07. 14:23,그러니까... 다른데서 유출된 정보로 동시에 9만건을 로그인해서 정보를 빼갔다?
naver_news,https://n.news.naver.com/mnews/article/003/0013000535?sid=101,,2025.01.11. 10:20,얘네들 일하는 것도 웃김 어디서 유출된건지나 들어보자해서 전화했더니 해당담당이 따로있다고함 나중에 전화준다더니 뜬금없이 탈퇴처리해둠ㅋㅋㅋ 포인트 남은건 어쩔꺼고 동의없이 탈퇴처리라니...진짜 다신 gs안쓴다
naver_news,https://n.news.naver.com/mnews/article/003/0013000535?sid=101,,2025.01.11. 09:31,010으로 받앗더니 사기 협박전화도 옴
naver_news,https://n.news.naver.com/mnews/article/003/0013000535?sid=101,,2025.01.10. 17:07,작성자에 의해 삭제된 댓글입니다.
naver_news,https://n.news.naver.com/mnews/article/003/0013000535?sid=101,,2025.01.10. 11:47,어이없음 유출된후에 자꾸 대출전화와서 전화했더니 확인할수있는것도 지금상태에서 해결방법도 없고 문제생기면 개인정보분쟁조정신청하라고함
naver_news,https://n.news.naver.com/mnews/article/003/0013000535?sid=101,,2025.01.07. 06:47,2000년대인가? 옥션 해킹 됐지... 전국민 해킹 된거나 마찬가지... GS는 9만명이네... 여긴 충남 중부 지역인데 작년에 GS 더 리테일(GS마트) 망했지... 남은건 GS25 편의점 뿐...
naver_news,https://n.news.naver.com/mnews/article/003/0013000535?sid=101,,2025.01.07. 06:47,작성자에 의해 삭제된 댓글입니다.
naver_news,https://n.news.naver.com/mnews/article/031/0000898958?sid=101,,2025.01.08. 12:10,작성자에 의해 삭제된 댓글입니다.
naver_news,https://n.news.naver.com/mnews/article/001/0015144107?sid=101,,2025.01.06. 19:32,손해배상해라 어물쩍 넘어가지말고 그러니 매년 이모양
naver_news,https://n.news.naver.com/mnews/article/001/0015144107?sid=101,,2025.01.06. 14:14,허 벌레가 경영해서 그렇다 빵으로 보내야 회사가살지 기생충처럼 허씨가 붙어 있는데 되갓냐
naver_news,https://n.news.naver.com/mnews/article/014/0005291599?sid=101,,2025.01.06. 17:22,뚫리면 몇백억씩 과징금 때려야 보안에 투자를하지
naver_news,https://n.news.naver.com/mnews/article/119/0002928150?sid=101,,2025.02.27. 21:24,이런거 하라고 민주당 밀어준거다.
naver_news,https://n.news.naver.com/mnews/article/119/0002928150?sid=101,,2025.02.28. 08:58,니네들이 죄없고 떳떳하면 왜 떨면서 반대하나? 이놈들 싹쓸이하여 내란지지 범죄당놈들이 이땅에서 설곳이 없게해야 한다.
naver_news,https://n.news.naver.com/mnews/article/119/0002928150?sid=101,,2025.03.03. 11:08,작성자에 의해 삭제된 댓글입니다.
naver_news,https://n.news.naver.com/mnews/article/025/0003423521?sid=101,,2025.02.27. 11:41:51,클린봇이 부적절한 표현을 감지한 댓글입니다.
naver_news,https://n.news.naver.com/mnews/article/011/0004456730?sid=105,,2025.03.05. 16:41,그럼 대문 열어놓고 개인정보 털어가라고 환영하고 있음 되겠네?
naver_news,https://n.news.naver.com/mnews/article/056/0011901532?sid=105,,2025.02.27. 18:23,매번 같은 일이 반복되지만 처벌이 솜방망이니...근절이 안돼...
naver_news,https://n.news.naver.com/mnews/article/243/0000070832?sid=101,,2025.01.06. 23:02:38,ㅋㅋㅋㅋㅋㅋ 보상해
naver_news,https://n.news.naver.com/mnews/article/243/0000070832?sid=101,,2025.01.06. 22:55:30,"또 중국놈들이냐? 에라이, 유튜브 테무광고도 아주 징글징글하다."
naver_news,https://n.news.naver.com/mnews/article/243/0000070832?sid=101,,2025.01.06. 22:47:35,대기업들 보안 제대로 안해 해킹당하면 국민들만 손해본다.언제까지 대기업들 솜방망이 처벌할텐가?미국이었으면 천문학적인 소송비용감이다.미친 나라.미친 한국
naver_news,https://n.news.naver.com/mnews/article/243/0000070832?sid=101,,2025.01.06. 22:22:09,작정하고 쳐들어오는걸 무슨 수로 막겠음.. 대놓고 까지만 않으면 다행이지..
naver_news,https://n.news.naver.com/mnews/article/024/0000094925?sid=102,,2025.02.24. 14:29,작성자에 의해 삭제된 댓글입니다.
naver_news,https://n.news.naver.com/mnews/article/024/0000094925?sid=102,,2025.02.13. 17:16,곧 몸에다 칩을 심겠구만 666
naver_news,https://n.news.naver.com/mnews/article/024/0000094925?sid=102,,2025.02.15. 01:05,작성자에 의해 삭제된 댓글입니다.
naver_news,https://n.news.naver.com/mnews/article/024/0000094925?sid=102,,2025.02.18. 20:02,개인정보 탈탈 털리고 국가에 통제당하는 안면인식 cbdc절대 반대 공산국가에서나 하는짓 하지마라!!
